mlbam_id,player,confirmed_position,reason
690291,Jace Jung,1B,"Reid manual review 2026-08-01, confirms the games-based read (1B, 39 games in 2026)"
693304,Nick Gonzales,3B,"Reid manual review 2026-08-01, confirms the games-based read (3B, 88 games in 2026)"
694377,Nick Yorke,3B,"Reid manual review 2026-08-01, confirms the games-based read (3B, 29 games in 2026)"
682622,Noelvi Marte,OF,"Reid manual review 2026-08-01, generalizes to OF over the specific RF read (59 RF games, 28 CF), real defensive versatility not a locked-in corner spot"
806964,Sebastian Walcott,SS,"Reid manual review 2026-08-01, overrides the games-based DH read (only 14 games logged, all DH, likely injury or role-limited), scouting knowledge says he remains a shortstop"
671289,Tyler Freeman,OF,"Reid manual review 2026-08-01, generalizes to OF over the specific RF read (59 RF games, real spread across 2B/DH/CF too), confirms Reid's own 'played all over' read"
691016,Tyler Soderstrom,C,"Reid manual review 2026-08-01, overrides the games-based LF read (93 games in left this season), his real defensive identity and value as a prospect is catcher"
669004,MJ Melendez,OF,"Reid manual review round 2, 2026-08-01, deliberately reverses the earlier catcher ruling, now scored as an outfielder"
683002,Gunnar Henderson,SS,"Reid manual review round 2, 2026-08-01, pins the listed 3B/SS combo to shortstop specifically rather than averaging"
677951,Bobby Witt Jr.,SS,"Reid manual review round 2, 2026-08-01, pins the listed SS/3B combo to shortstop specifically rather than averaging"
691023,Jordan Walker,CF,"Reid manual review round 2, 2026-08-01, listed OF/3B, confirmed a real center fielder, SS-equivalent value per the CF ruling"
682998,Corbin Carroll,CF,"Reid manual review round 2, 2026-08-01, listed OF, confirmed a real center fielder"
702222,Justin Crawford,CF,"Reid manual review round 2, 2026-08-01, listed OF, confirmed a real center fielder"
691718,Pete Crow-Armstrong,CF,"Reid manual review round 2, 2026-08-01, listed OF, confirmed a real center fielder"
678882,Ceddanne Rafaela,CF,"Reid manual review round 2, 2026-08-01, listed OF/SS, confirmed a real center fielder"
677594,Julio Rodríguez,CF,"Reid manual review round 2, 2026-08-01, listed OF, confirmed a real center fielder"
678246,Miguel Vargas,3B/1B,"Reid manual review round 2, 2026-08-01, listed 3B/OF/1B, drops OF from consideration entirely, averaged between the remaining two rather than picking one"
672724,Oswald Peraza,INF,"Reid manual review round 2, 2026-08-01, listed SS/2B, treated as a true utility infielder rather than averaged between the two named spots"
695578,James Wood,CF,"Reid manual review round 2, 2026-08-01, listed OF, confirmed a real center fielder"
665833,Oneil Cruz,CF,"Reid manual review round 2, 2026-08-01, listed SS, the named example, a shortstop-caliber defender genuinely moving to center field this season"
694671,Wyatt Langford,CF,"Reid manual review round 2, 2026-08-01, listed OF, confirmed a real center fielder"
