cohort,rank,player,position,current_level,method,score,matched_on,disambiguated_by,mlbam_id,matched_name,mlb_debut_date
2022,1,Bobby Witt Jr.,SS/3B,MLB,exact,1.0,full_name,unique,677951,Bobby Witt Jr.,2022-04-07
2022,2,Adley Rutschman,C,MLB,exact,1.0,full_name,unique,668939,Adley Rutschman,2022-05-21
2022,3,Julio Rodríguez,OF,MLB,exact_disambiguated,1.0,"first_last_from_parts,full_name",position+level,677594,Julio Rodríguez,2022-04-08
2022,4,Spencer Torkelson,1B/3B,MLB,exact,1.0,full_name,unique,679529,Spencer Torkelson,2022-04-08
2022,5,Riley Greene,OF,MLB,exact,1.0,full_name,unique,682985,Riley Greene,2022-06-18
2022,6,Grayson Rodriguez,RHP,MLB,exact,1.0,full_name,unique,680570,Grayson Rodriguez,2023-04-05
2022,7,Gabriel Moreno,C,MLB,exact,1.0,full_name,unique,672515,Gabriel Moreno,2022-06-11
2022,8,Anthony Volpe,SS,MLB,exact,1.0,full_name,unique,683011,Anthony Volpe,2023-03-30
2022,9,CJ Abrams,SS,MLB,exact,1.0,full_name,unique,682928,CJ Abrams,2022-04-08
2022,10,Francisco Alvarez,C,MLB,exact,1.0,full_name,unique,682626,Francisco Alvarez,2022-09-30
2022,11,Noelvi Marte,3B/SS,MLB,exact,1.0,full_name,unique,682622,Noelvi Marte,2023-08-19
2022,12,Shane Baz,RHP,MLB,exact,1.0,full_name,unique,669358,Shane Baz,2021-09-20
2022,13,Marco Luciano,SS,AAA,exact,1.0,full_name,unique,682617,Marco Luciano,2023-07-26
2022,14,Marcelo Mayer,INF,MLB,exact,1.0,full_name,unique,691785,Marcelo Mayer,2025-05-24
2022,15,Brennen Davis,OF,AAA,exact,1.0,full_name,unique,680695,Brennen Davis,
2022,16,Triston Casas,1B,MLB,exact,1.0,full_name,unique,671213,Triston Casas,2022-09-04
2022,17,Jack Leiter,RHP,MLB,exact,1.0,full_name,unique,683004,Jack Leiter,2024-04-18
2022,18,Alek Thomas,OF,AAA,exact,1.0,full_name,unique,677950,Alek Thomas,2022-05-08
2022,19,Corbin Carroll,OF,MLB,exact,1.0,full_name,unique,682998,Corbin Carroll,2022-08-29
2022,20,Nick Gonzales,2B/SS,MLB,exact,1.0,full_name,unique,693304,Nick Gonzales,2023-06-23
2022,21,Reid Detmers,LHP,MLB,exact,1.0,full_name,unique,672282,Reid Detmers,2021-08-01
2022,22,Hunter Greene,RHP,MLB,exact,1.0,full_name,unique,668881,Hunter Greene,2022-04-10
2022,23,Jordan Lawlar,INF,MLB,exact,1.0,full_name,unique,691783,Jordan Lawlar,2023-09-07
2022,24,Henry Davis,C,MLB,exact,1.0,full_name,unique,680779,Henry Davis,2023-06-19
2022,25,Kahlil Watson,OF,AAA,exact,1.0,full_name,unique,696135,Kahlil Watson,2026-06-18
2022,26,Oneil Cruz,SS,MLB,exact,1.0,full_name,unique,665833,Oneil Cruz,2021-10-02
2022,27,Brett Baty,3B/OF,MLB,exact,1.0,full_name,unique,683146,Brett Baty,2022-08-17
2022,28,Diego Cartaya,C,A+,exact,1.0,full_name,unique,682616,Diego Cartaya,
2022,29,Josh Jung,3B,MLB,exact,1.0,full_name,unique,673962,Josh Jung,2022-09-09
2022,30,Jordan Walker,OF/3B,MLB,exact,1.0,full_name,unique,691023,Jordan Walker,2023-03-30
2022,31,Joey Bart,C,MLB,exact,1.0,full_name,unique,663698,Joey Bart,2020-08-20
2022,32,George Kirby,RHP,MLB,exact,1.0,full_name,unique,669923,George Kirby,2022-05-08
2022,33,Nolan Gorman,2B/3B,AAA,exact,1.0,full_name,unique,669357,Nolan Gorman,2022-05-20
2022,34,Edward Cabrera,RHP,AAA,exact,1.0,full_name,unique,665795,Edward Cabrera,2021-08-25
2022,35,Max Meyer,RHP,MLB,exact,1.0,full_name,unique,676974,Max Meyer,2022-07-16
2022,36,Zac Veen,OF,AAA,exact,1.0,full_name,unique,691728,Zac Veen,2025-04-08
2022,37,Robert Hassell III,OF,ROK,exact,1.0,full_name,unique,690987,Robert Hassell III,2025-05-22
2022,38,Orelvis Martinez,2B/3B,AAA,exact,1.0,full_name,unique,682619,Orelvis Martinez,2024-06-21
2022,39,Cade Cavalli,RHP,MLB,exact,1.0,full_name,unique,676917,Cade Cavalli,2022-08-26
2022,40,Jackson Jobe,RHP,AA,exact,1.0,full_name,unique,695549,Jackson Jobe,2024-09-25
2022,41,Eury Pérez,RHP,MLB,exact,1.0,full_name,unique,691587,Eury Pérez,2023-05-12
2022,42,Nick Lodolo,LHP,MLB,exact,1.0,full_name,unique,666157,Nick Lodolo,2022-04-13
2022,43,Matthew Liberatore,LHP,MLB,exact,1.0,full_name,unique,669461,Matthew Liberatore,2022-05-21
2022,44,Luis Campusano,C,MLB,exact,1.0,full_name,unique,669134,Luis Campusano,2020-09-04
2022,45,Bryson Stott,SS,MLB,exact,1.0,full_name,unique,681082,Bryson Stott,2022-04-08
2022,46,Royce Lewis,SS,MLB,exact,1.0,full_name,unique,668904,Royce Lewis,2022-05-06
2022,47,George Valera,OF,AAA,exact,1.0,full_name,unique,671655,George Valera,2025-09-01
2022,48,Cole Winn,RHP,MLB,exact,1.0,full_name,unique,668390,Cole Winn,2024-04-14
2022,49,Brady House,3B,MLB,exact,1.0,full_name,unique,691781,Brady House,2025-06-16
2022,50,Josh Lowe,OF,MLB,exact,1.0,full_name,unique,666139,Josh Lowe,2021-09-08
2022,51,MJ Melendez,C,AAA,exact,1.0,full_name,unique,669004,MJ Melendez,2022-05-03
2022,52,Austin Martin,SS/OF/2B,MLB,exact,1.0,full_name,unique,668885,Austin Martin,2024-03-30
2022,53,Daniel Espino,RHP,AAA,exact,1.0,full_name,unique,682982,Daniel Espino,2026-06-17
2022,54,Quinn Priester,RHP,MLB,exact,1.0,full_name,unique,682990,Quinn Priester,2023-07-17
2022,55,Nick Yorke,2B/OF,AAA,exact,1.0,full_name,unique,694377,Nick Yorke,2024-09-16
2022,56,Tyler Soderstrom,C/1B,MLB,exact,1.0,full_name,unique,691016,Tyler Soderstrom,2023-07-14
2022,57,Bobby Miller,RHP,MLB,exact,1.0,full_name,unique,676272,Bobby Miller,2023-05-23
2022,58,Sixto Sánchez,RHP,AAA,exact,1.0,full_name,unique,664350,Sixto Sánchez,2020-08-22
2022,59,Shea Langeliers,C,MLB,exact,1.0,full_name,unique,669127,Shea Langeliers,2022-08-16
2022,60,Oswald Peraza,SS/2B,MLB,exact,1.0,full_name,unique,672724,Oswald Peraza,2022-09-02
2022,61,Jasson Domínguez,OF,MLB,exact,1.0,full_name,unique,691176,Jasson Domínguez,2023-09-01
2022,62,Nick Pratto,1B,AAA,exact,1.0,full_name,unique,668472,Nick Pratto,2022-07-14
2022,63,Luis Matos,OF,AAA,exact,1.0,full_name,unique,682641,Luis Matos,2023-06-14
2022,64,Gunnar Henderson,3B/SS,MLB,exact,1.0,full_name,unique,683002,Gunnar Henderson,2022-08-31
2022,65,Michael Harris II,OF,MLB,exact,1.0,full_name,unique,671739,Michael Harris II,2022-05-28
2022,66,Colton Cowser,OF,MLB,exact,1.0,full_name,unique,681297,Colton Cowser,2023-07-05
2022,67,Michael Busch,INF,MLB,exact,1.0,full_name,unique,683737,Michael Busch,2023-04-25
2022,68,Andy Pages,OF,MLB,exact,1.0,full_name,unique,681624,Andy Pages,2024-04-16
2022,69,JJ Bleday,OF,MLB,exact,1.0,full_name,unique,668709,JJ Bleday,2022-07-23
2022,70,Sal Frelick,OF,MLB,exact,1.0,full_name,unique,686217,Sal Frelick,2023-07-22
2022,71,Roansy Contreras,RHP,MLB,exact,1.0,full_name,unique,672710,Roansy Contreras,2021-09-29
2022,72,Asa Lacy,LHP,AA,exact,1.0,full_name,unique,669370,Asa Lacy,
2022,73,Gabriel Arias,INF,MLB,exact_disambiguated,1.0,full_name,position+level,672356,Gabriel Arias,2022-04-20
2022,74,Taj Bradley,RHP,MLB,exact,1.0,full_name,unique,671737,Taj Bradley,2023-04-12
2022,75,Kyle Harrison,LHP,A+,exact,1.0,full_name,unique,690986,Kyle Harrison,2023-08-22
2022,76,Elly De La Cruz,SS/3B,MLB,exact,1.0,full_name,unique,682829,Elly De La Cruz,2023-06-06
2022,77,Vidal Bruján,OF/2B/SS,AAA,exact,1.0,full_name,unique,660644,Vidal Bruján,2021-07-07
2022,78,Ronny Mauricio,2B/SS/OF,AAA,exact,1.0,full_name,unique,677595,Ronny Mauricio,2023-09-01
2022,79,Liover Peguero,SS,AAA,exact,1.0,full_name,unique,678894,Liover Peguero,2022-06-18
2022,80,Jordan Groshans,3B/SS,AA,exact,1.0,full_name,unique,677954,Jordan Groshans,2022-09-13
2022,81,Mick Abel,RHP,MLB,exact,1.0,full_name,unique,690953,Mick Abel,2025-05-18
2022,82,Emerson Hancock,RHP,MLB,exact,1.0,full_name,unique,676106,Emerson Hancock,2023-08-09
2022,83,Ezequiel Duran,INF,MLB,exact,1.0,full_name,unique,677649,Ezequiel Duran,2022-06-04
2022,84,Brayan Rocchio,SS/2B,MLB,exact,1.0,full_name,unique,677587,Brayan Rocchio,2023-05-16
2022,85,Jarren Duran,OF,MLB,exact,1.0,full_name,unique,680776,Jarren Duran,2021-07-17
2022,86,MacKenzie Gore,LHP,MLB,exact,1.0,full_name,unique,669022,MacKenzie Gore,2022-04-15
2022,87,Matt McLain,SS/2B,MLB,exact,1.0,full_name,unique,680574,Matt McLain,2023-05-15
2022,88,Tyler Freeman,SS/2B,MLB,exact,1.0,full_name,unique,671289,Tyler Freeman,2022-08-03
2022,89,Justin Foscue,2B/1B,MLB,exact,1.0,full_name,unique,679822,Justin Foscue,2024-04-05
2022,90,DL Hall,LHP,MLB,exact,1.0,full_name,unique,669084,DL Hall,2022-08-13
2022,91,Greg Jones,OF/SS,AAA,manual_override,1.0,full_name,curated,675659,Greg Jones,2024-06-06
2022,92,Cristian Hernández,SS/2B,AA,exact_disambiguated,1.0,full_name,position,694183,Cristian Hernández,
2022,93,Harry Ford,C,MLB,exact,1.0,full_name,unique,695670,Harry Ford,2025-09-05
2022,94,Miguel Vargas,3B/OF/1B,MLB,exact_disambiguated,1.0,full_name,position+level,678246,Miguel Vargas,2022-08-03
2022,95,Jose F Miranda,3B/2B/1B,-,exact,1.0,full_name,unique,669304,Jose F Miranda,2022-05-02
2022,96,Austin Wells,C,MLB,exact,1.0,full_name,unique,669224,Austin Wells,2023-09-01
2022,97,Joe Ryan,RHP,MLB,exact,1.0,full_name,unique,657746,Joe Ryan,2021-09-01
2022,98,Matt Brash,RHP,MLB,exact,1.0,full_name,unique,666374,Matt Brash,2022-04-12
2022,99,Blake Walston,LHP,MLB,exact,1.0,full_name,unique,686796,Blake Walston,2024-05-01
2022,100,Joey Wiemer,OF,AAA,exact,1.0,full_name,unique,686894,Joey Wiemer,2023-04-01
2023,1,Gunnar Henderson,3B/SS,MLB,exact,1.0,full_name,unique,683002,Gunnar Henderson,2022-08-31
2023,2,Corbin Carroll,OF,MLB,exact,1.0,full_name,unique,682998,Corbin Carroll,2022-08-29
2023,3,Francisco Alvarez,C,MLB,exact,1.0,full_name,unique,682626,Francisco Alvarez,2022-09-30
2023,4,Jordan Walker,OF/3B,MLB,exact,1.0,full_name,unique,691023,Jordan Walker,2023-03-30
2023,5,Anthony Volpe,SS,MLB,exact,1.0,full_name,unique,683011,Anthony Volpe,2023-03-30
2023,6,Andrew Painter,RHP,MLB,exact,1.0,full_name,unique,691725,Andrew Painter,2026-03-31
2023,7,Grayson Rodriguez,RHP,MLB,exact,1.0,full_name,unique,680570,Grayson Rodriguez,2023-04-05
2023,8,Jackson Chourio,OF,MLB,exact,1.0,full_name,unique,694192,Jackson Chourio,2024-03-29
2023,9,Marcelo Mayer,INF,MLB,exact,1.0,full_name,unique,691785,Marcelo Mayer,2025-05-24
2023,10,Elly De La Cruz,SS/3B,MLB,exact,1.0,full_name,unique,682829,Elly De La Cruz,2023-06-06
2023,11,Jordan Lawlar,INF,MLB,exact,1.0,full_name,unique,691783,Jordan Lawlar,2023-09-07
2023,12,Jackson Holliday,2B/SS,MLB,exact,1.0,full_name,unique,702616,Jackson Holliday,2024-04-10
2023,13,Eury Pérez,RHP,MLB,exact,1.0,full_name,unique,691587,Eury Pérez,2023-05-12
2023,14,Diego Cartaya,C,A+,exact,1.0,full_name,unique,682616,Diego Cartaya,
2023,15,Druw Jones,OF,AA,exact,1.0,full_name,unique,702258,Druw Jones,
2023,16,Daniel Espino,RHP,AAA,exact,1.0,full_name,unique,682982,Daniel Espino,2026-06-17
2023,17,James Wood,OF,MLB,exact,1.0,full_name,unique,695578,James Wood,2024-07-01
2023,18,Kyle Harrison,LHP,A+,exact,1.0,full_name,unique,690986,Kyle Harrison,2023-08-22
2023,19,Jackson Merrill,SS/OF,MLB,exact,1.0,full_name,unique,701538,Jackson Merrill,2024-03-20
2023,20,Taj Bradley,RHP,MLB,exact,1.0,full_name,unique,671737,Taj Bradley,2023-04-12
2023,21,Brett Baty,3B/OF,MLB,exact,1.0,full_name,unique,683146,Brett Baty,2022-08-17
2023,22,Marco Luciano,SS,AAA,exact,1.0,full_name,unique,682617,Marco Luciano,2023-07-26
2023,23,Triston Casas,1B,MLB,exact,1.0,full_name,unique,671213,Triston Casas,2022-09-04
2023,24,Bobby Miller,RHP,MLB,exact,1.0,full_name,unique,676272,Bobby Miller,2023-05-23
2023,25,Ezequiel Tovar,SS,MLB,exact,1.0,full_name,unique,678662,Ezequiel Tovar,2022-09-23
2023,26,Termarr Johnson,2B,AAA,exact,1.0,full_name,unique,702261,Termarr Johnson,
2023,27,Zac Veen,OF,AAA,exact,1.0,full_name,unique,691728,Zac Veen,2025-04-08
2023,28,Pete Crow-Armstrong,OF,MLB,exact,1.0,full_name,unique,691718,Pete Crow-Armstrong,2023-09-11
2023,29,Noelvi Marte,3B/SS,MLB,exact,1.0,full_name,unique,682622,Noelvi Marte,2023-08-19
2023,30,Sal Frelick,OF,MLB,exact,1.0,full_name,unique,686217,Sal Frelick,2023-07-22
2023,31,Brooks Lee,INF,MLB,exact,1.0,full_name,unique,686797,Brooks Lee,2024-07-03
2023,32,Ricky Tiedemann,LHP,A,exact,1.0,full_name,unique,694357,Ricky Tiedemann,
2023,33,Curtis Mead,3B/2B,MLB,exact,1.0,full_name,unique,678554,Curtis Mead,2023-08-04
2023,34,Josh Jung,3B,MLB,exact,1.0,full_name,unique,673962,Josh Jung,2022-09-09
2023,35,Robert Hassell III,OF,ROK,exact,1.0,full_name,unique,690987,Robert Hassell III,2025-05-22
2023,36,Kevin Parada,C,AA,exact,1.0,full_name,unique,691006,Kevin Parada,
2023,37,Miguel Vargas,3B/OF/1B,MLB,exact_disambiguated,1.0,full_name,position+level,678246,Miguel Vargas,2022-08-03
2023,38,Colson Montgomery,SS/3B,MLB,exact,1.0,full_name,unique,695657,Colson Montgomery,2025-07-04
2023,39,Tyler Soderstrom,C/1B,MLB,exact,1.0,full_name,unique,691016,Tyler Soderstrom,2023-07-14
2023,40,Colton Cowser,OF,MLB,exact,1.0,full_name,unique,681297,Colton Cowser,2023-07-05
2023,41,Evan Carter,OF,MLB,exact,1.0,full_name,unique,694497,Evan Carter,2023-09-08
2023,42,Gavin Williams,RHP,MLB,exact,1.0,full_name,unique,668909,Gavin Williams,2023-06-21
2023,43,Hunter Brown,RHP,MLB,exact,1.0,full_name,unique,686613,Hunter Brown,2022-09-05
2023,44,Edwin Arroyo,SS/2B,AAA,exact,1.0,full_name,unique,695490,Edwin Arroyo,2026-06-01
2023,45,Royce Lewis,SS,MLB,exact,1.0,full_name,unique,668904,Royce Lewis,2022-05-06
2023,46,Elijah Green,OF,A+,exact,1.0,full_name,unique,701327,Elijah Green,
2023,47,Jasson Domínguez,OF,MLB,exact,1.0,full_name,unique,691176,Jasson Domínguez,2023-09-01
2023,48,Mick Abel,RHP,MLB,exact,1.0,full_name,unique,690953,Mick Abel,2025-05-18
2023,49,Harry Ford,C,MLB,exact,1.0,full_name,unique,695670,Harry Ford,2025-09-05
2023,50,Masyn Winn,SS,MLB,exact,1.0,full_name,unique,691026,Masyn Winn,2023-08-18
2023,51,George Valera,OF,AAA,exact,1.0,full_name,unique,671655,George Valera,2025-09-01
2023,52,Oswald Peraza,SS/2B,MLB,exact,1.0,full_name,unique,672724,Oswald Peraza,2022-09-02
2023,53,Logan O'Hoppe,C,MLB,exact,1.0,full_name,unique,681351,Logan O'Hoppe,2022-09-28
2023,54,Michael Busch,INF,MLB,exact,1.0,full_name,unique,683737,Michael Busch,2023-04-25
2023,55,Endy Rodríguez,C/1B,MLB,exact_disambiguated,1.0,full_name,position+level,682848,Endy Rodríguez,2023-07-17
2023,56,Gavin Stone,RHP,MLB,exact,1.0,full_name,unique,694813,Gavin Stone,2023-05-03
2023,57,Henry Davis,C,MLB,exact,1.0,full_name,unique,680779,Henry Davis,2023-06-19
2023,58,Cade Cavalli,RHP,MLB,exact,1.0,full_name,unique,676917,Cade Cavalli,2022-08-26
2023,59,Brandon Pfaadt,RHP,MLB,exact,1.0,full_name,unique,694297,Brandon Pfaadt,2023-05-03
2023,60,Quinn Priester,RHP,MLB,exact,1.0,full_name,unique,682990,Quinn Priester,2023-07-17
2023,61,Jacob Berry,OF/3B,AAA,exact,1.0,full_name,unique,694351,Jacob Berry,
2023,62,Gavin Cross,OF,AAA,exact,1.0,full_name,unique,688457,Gavin Cross,
2023,63,Jackson Jobe,RHP,AA,exact,1.0,full_name,unique,695549,Jackson Jobe,2024-09-25
2023,64,Bo Naylor,C,MLB,exact,1.0,full_name,unique,666310,Bo Naylor,2022-10-01
2023,65,Tanner Bibee,RHP,MLB,exact,1.0,full_name,unique,676440,Tanner Bibee,2023-04-26
2023,66,Owen White,RHP,AAA,exact,1.0,full_name,unique,669391,Owen White,2023-06-13
2023,67,Max Meyer,RHP,MLB,exact,1.0,full_name,unique,676974,Max Meyer,2022-07-16
2023,68,Adael Amador,2B,AAA,exact,1.0,full_name,unique,691182,Adael Amador,2024-06-09
2023,69,Cam Collier,1B/3B,AA,exact,1.0,full_name,unique,702253,Cam Collier,
2023,70,Ryan Pepiot,RHP,MLB,exact,1.0,full_name,unique,686752,Ryan Pepiot,2022-05-11
2023,71,Luisangel Acuña,SS/OF/2B,MLB,exact,1.0,full_name,unique,682668,Luisangel Acuña,2024-09-14
2023,72,Carson Williams,SS,AAA,exact,1.0,full_name,unique,700246,Carson Williams,2025-08-22
2023,73,Kyle Manzardo,1B,MLB,exact,1.0,full_name,unique,700932,Kyle Manzardo,2024-05-06
2023,74,Jordan Westburg,INF,MLB,exact,1.0,full_name,unique,676059,Jordan Westburg,2023-06-26
2023,75,Brayan Rocchio,SS/2B,MLB,exact,1.0,full_name,unique,677587,Brayan Rocchio,2023-05-16
2023,76,Ken Waldichuk,LHP,MLB,exact,1.0,full_name,unique,686610,Ken Waldichuk,2022-09-01
2023,77,Tink Hence,RHP,AAA,exact,1.0,full_name,unique,693311,Tink Hence,
2023,78,Jack Leiter,RHP,MLB,exact,1.0,full_name,unique,683004,Jack Leiter,2024-04-18
2023,79,Gordon Graceffo,RHP,MLB,exact,1.0,full_name,unique,700669,Gordon Graceffo,2024-06-29
2023,80,Heston Kjerstad,OF,AAA,exact,1.0,full_name,unique,677008,Heston Kjerstad,2023-09-14
2023,81,Andy Pages,OF,MLB,exact,1.0,full_name,unique,681624,Andy Pages,2024-04-16
2023,82,Chase DeLauter,OF,MLB,exact,1.0,full_name,unique,800050,Chase DeLauter,2025-10-01
2023,83,Jace Jung,3B/2B,AAA,exact,1.0,full_name,unique,690291,Jace Jung,2024-08-16
2023,84,Drew Romo,C,MLB,exact,1.0,full_name,unique,691011,Drew Romo,2024-08-17
2023,85,Oscar Colás,OF,-,exact,1.0,full_name,unique,693049,Oscar Colás,2023-03-30
2023,86,Ceddanne Rafaela,OF/SS,MLB,exact,1.0,full_name,unique,678882,Ceddanne Rafaela,2023-08-28
2023,87,Kevin Alcántara,OF,AAA,exact,1.0,full_name,unique,682634,Kevin Alcántara,2024-09-25
2023,88,Emmanuel Rodriguez,OF,A+,exact,1.0,full_name,unique,691181,Emmanuel Rodriguez,
2023,89,Zach Neto,SS,MLB,exact,1.0,full_name,unique,687263,Zach Neto,2023-04-15
2023,90,Joey Wiemer,OF,AAA,exact,1.0,full_name,unique,686894,Joey Wiemer,2023-04-01
2023,91,Alec Burleson,OF,MLB,exact,1.0,full_name,unique,676475,Alec Burleson,2022-09-08
2023,92,Brennen Davis,OF,AAA,exact,1.0,full_name,unique,680695,Brennen Davis,
2023,93,Miguel Bleis,OF,AA,exact,1.0,full_name,unique,694194,Miguel Bleis,
2023,94,Brock Porter,RHP,A+,exact,1.0,full_name,unique,702548,Brock Porter,
2023,95,Wilmer Flores,RHP,AAA,exact_disambiguated,1.0,full_name,position,695865,Wilmer Flores,
2023,96,Alex Ramírez,OF,AA,exact_disambiguated,1.0,full_name,position+level,691267,Alex Ramírez,
2023,97,DL Hall,LHP,MLB,exact,1.0,full_name,unique,669084,DL Hall,2022-08-13
2023,98,Bryce Miller,RHP,MLB,exact,1.0,full_name,unique,682243,Bryce Miller,2023-05-02
2023,99,Joey Ortiz,INF,MLB,exact,1.0,full_name,unique,687401,Joey Ortiz,2023-04-27
2023,100,Dylan Lesko,RHP,A,exact,1.0,full_name,unique,702266,Dylan Lesko,
2024,1,Jackson Holliday,2B/SS,MLB,exact,1.0,full_name,unique,702616,Jackson Holliday,2024-04-10
2024,2,Jackson Chourio,OF,MLB,exact,1.0,full_name,unique,694192,Jackson Chourio,2024-03-29
2024,3,Paul Skenes,RHP,MLB,exact,1.0,full_name,unique,694973,Paul Skenes,2024-05-11
2024,4,Junior Caminero,3B/2B,MLB,exact,1.0,full_name,unique,691406,Junior Caminero,2023-09-23
2024,5,Evan Carter,OF,MLB,exact,1.0,full_name,unique,694497,Evan Carter,2023-09-08
2024,6,Wyatt Langford,OF,MLB,exact,1.0,full_name,unique,694671,Wyatt Langford,2024-03-28
2024,7,Dylan Crews,OF,MLB,exact,1.0,full_name,unique,686611,Dylan Crews,2024-08-26
2024,8,Ethan Salas,C,AAA,exact,1.0,full_name,unique,806956,Ethan Salas,
2024,9,Colson Montgomery,SS/3B,MLB,exact,1.0,full_name,unique,695657,Colson Montgomery,2025-07-04
2024,10,Walker Jenkins,OF,AAA,exact,1.0,full_name,unique,805805,Walker Jenkins,
2024,11,Jordan Lawlar,INF,MLB,exact,1.0,full_name,unique,691783,Jordan Lawlar,2023-09-07
2024,12,Jackson Merrill,SS/OF,MLB,exact,1.0,full_name,unique,701538,Jackson Merrill,2024-03-20
2024,13,Max Clark,OF,MLB,exact,1.0,full_name,unique,703601,Max Clark,2026-07-31
2024,14,James Wood,OF,MLB,exact,1.0,full_name,unique,695578,James Wood,2024-07-01
2024,15,Marcelo Mayer,INF,MLB,exact,1.0,full_name,unique,691785,Marcelo Mayer,2025-05-24
2024,16,Pete Crow-Armstrong,OF,MLB,exact,1.0,full_name,unique,691718,Pete Crow-Armstrong,2023-09-11
2024,17,Samuel Basallo,C/1B,MLB,exact,1.0,full_name,unique,694212,Samuel Basallo,2025-08-17
2024,18,Brooks Lee,INF,MLB,exact,1.0,full_name,unique,686797,Brooks Lee,2024-07-03
2024,19,Colton Cowser,OF,MLB,exact,1.0,full_name,unique,681297,Colton Cowser,2023-07-05
2024,20,Carson Williams,SS,AAA,exact,1.0,full_name,unique,700246,Carson Williams,2025-08-22
2024,21,Noelvi Marte,3B/SS,MLB,exact,1.0,full_name,unique,682622,Noelvi Marte,2023-08-19
2024,22,Colt Keith,3B/2B,MLB,exact,1.0,full_name,unique,690993,Colt Keith,2024-03-28
2024,23,Kyle Harrison,LHP,A+,exact,1.0,full_name,unique,690986,Kyle Harrison,2023-08-22
2024,24,Roman Anthony,OF,MLB,exact,1.0,full_name,unique,701350,Roman Anthony,2025-06-09
2024,25,Jackson Jobe,RHP,AA,exact,1.0,full_name,unique,695549,Jackson Jobe,2024-09-25
2024,26,Cade Horton,RHP,MLB,exact,1.0,full_name,unique,690990,Cade Horton,2025-05-10
2024,27,Andrew Painter,RHP,MLB,exact,1.0,full_name,unique,691725,Andrew Painter,2026-03-31
2024,28,Adael Amador,2B,AAA,exact,1.0,full_name,unique,691182,Adael Amador,2024-06-09
2024,29,Ricky Tiedemann,LHP,A,exact,1.0,full_name,unique,694357,Ricky Tiedemann,
2024,30,Coby Mayo,3B/1B,MLB,exact,1.0,full_name,unique,691723,Coby Mayo,2024-08-02
2024,31,Chase DeLauter,OF,MLB,exact,1.0,full_name,unique,800050,Chase DeLauter,2025-10-01
2024,32,Heston Kjerstad,OF,AAA,exact,1.0,full_name,unique,677008,Heston Kjerstad,2023-09-14
2024,33,Jacob Misiorowski,RHP,MLB,exact,1.0,full_name,unique,694819,Jacob Misiorowski,2025-06-12
2024,34,Rhett Lowder,RHP,MLB,exact,1.0,full_name,unique,695076,Rhett Lowder,2024-08-30
2024,35,Jeferson Quero,C,AAA,exact,1.0,full_name,unique,691620,Jeferson Quero,2026-03-29
2024,36,Robby Snelling,LHP,MLB,exact,1.0,full_name,unique,702281,Robby Snelling,2026-05-08
2024,37,Cole Young,2B/SS,MLB,exact,1.0,full_name,unique,702284,Cole Young,2025-05-31
2024,38,Harry Ford,C,MLB,exact,1.0,full_name,unique,695670,Harry Ford,2025-09-05
2024,39,Marco Luciano,SS,AAA,exact,1.0,full_name,unique,682617,Marco Luciano,2023-07-26
2024,40,Kyle Teel,C,MLB,exact,1.0,full_name,unique,691019,Kyle Teel,2025-06-06
2024,41,Jasson Domínguez,OF,MLB,exact,1.0,full_name,unique,691176,Jasson Domínguez,2023-09-01
2024,42,Emmanuel Rodriguez,OF,A+,exact,1.0,full_name,unique,691181,Emmanuel Rodriguez,
2024,43,Masyn Winn,SS,MLB,exact,1.0,full_name,unique,691026,Masyn Winn,2023-08-18
2024,44,Termarr Johnson,2B,AAA,exact,1.0,full_name,unique,702261,Termarr Johnson,
2024,45,Jett Williams,3B/SS/OF,AAA,exact,1.0,full_name,unique,702518,Jett Williams,
2024,46,Tyler Black,1B,AAA,exact,1.0,full_name,unique,672012,Tyler Black,2024-04-30
2024,47,Owen Caissie,OF,AAA,exact,1.0,full_name,unique,683357,Owen Caissie,2025-08-14
2024,48,Brady House,3B,MLB,exact,1.0,full_name,unique,691781,Brady House,2025-06-16
2024,49,Mick Abel,RHP,MLB,exact,1.0,full_name,unique,690953,Mick Abel,2025-05-18
2024,50,Noah Schultz,LHP,MLB,exact,1.0,full_name,unique,702273,Noah Schultz,2026-04-14
2024,51,Michael Busch,INF,MLB,exact,1.0,full_name,unique,683737,Michael Busch,2023-04-25
2024,52,Chase Dollander,RHP,MLB,exact,1.0,full_name,unique,801403,Chase Dollander,2025-04-06
2024,53,Drew Gilbert,OF,MLB,exact,1.0,full_name,unique,687551,Drew Gilbert,2025-08-08
2024,54,Matt Shaw,INF,MLB,exact,1.0,full_name,unique,807713,Matt Shaw,2025-03-18
2024,55,Curtis Mead,3B/2B,MLB,exact,1.0,full_name,unique,678554,Curtis Mead,2023-08-04
2024,56,Dylan Lesko,RHP,A,exact,1.0,full_name,unique,702266,Dylan Lesko,
2024,57,Noble Meyer,RHP,A+,exact,1.0,full_name,unique,800611,Noble Meyer,
2024,58,Xavier Isaac,1B,AA,exact,1.0,full_name,unique,800060,Xavier Isaac,
2024,59,Kyle Manzardo,1B,MLB,exact,1.0,full_name,unique,700932,Kyle Manzardo,2024-05-06
2024,60,Jace Jung,3B/2B,AAA,exact,1.0,full_name,unique,690291,Jace Jung,2024-08-16
2024,61,Aidan Miller,SS,AAA,exact,1.0,full_name,unique,805795,Aidan Miller,
2024,62,Jared Jones,RHP,MLB,exact_disambiguated,1.0,full_name,position,683003,Jared Jones,2024-03-30
2024,63,Joey Ortiz,INF,MLB,exact,1.0,full_name,unique,687401,Joey Ortiz,2023-04-27
2024,64,Tink Hence,RHP,AAA,exact,1.0,full_name,unique,693311,Tink Hence,
2024,65,Kevin Alcántara,OF,AAA,exact,1.0,full_name,unique,682634,Kevin Alcántara,2024-09-25
2024,66,Luisangel Acuña,SS/OF/2B,MLB,exact,1.0,full_name,unique,682668,Luisangel Acuña,2024-09-14
2024,67,Edwin Arroyo,SS/2B,AAA,exact,1.0,full_name,unique,695490,Edwin Arroyo,2026-06-01
2024,68,Jacob Wilson,SS,MLB,manual_override,1.0,full_name,curated,805779,Jacob Wilson,2024-07-19
2024,69,AJ Smith-Shawver,RHP,AA,exact,1.0,full_name,unique,700363,AJ Smith-Shawver,2023-06-04
2024,70,Connor Phillips,RHP,AAA,exact,1.0,full_name,unique,683175,Connor Phillips,2023-09-05
2024,71,Sebastian Walcott,SS/3B,AA,exact,1.0,full_name,unique,806964,Sebastian Walcott,
2024,72,Yanquiel Fernández,OF,AAA,exact,1.0,full_name,unique,692585,Yanquiel Fernández,2025-07-02
2024,73,James Triantos,2B/3B/OF,MLB,exact,1.0,full_name,unique,701649,James Triantos,2026-07-25
2024,74,Tommy Troy,2B/OF,MLB,exact,1.0,full_name,unique,694371,Tommy Troy,2026-05-24
2024,75,Dalton Rushing,C/OF,MLB,exact,1.0,full_name,unique,687221,Dalton Rushing,2025-05-15
2024,76,Ceddanne Rafaela,OF/SS,MLB,exact,1.0,full_name,unique,678882,Ceddanne Rafaela,2023-08-28
2024,77,Justin Crawford,OF,MLB,exact,1.0,full_name,unique,702222,Justin Crawford,2026-03-26
2024,78,Druw Jones,OF,AA,exact,1.0,full_name,unique,702258,Druw Jones,
2024,79,Gabriel Gonzalez,OF,AAA,exact,1.0,full_name,unique,694224,Gabriel Gonzalez,2026-05-22
2024,80,Nick Frasso,RHP,AAA,exact,1.0,full_name,unique,693308,Nick Frasso,
2024,81,Jordan Beck,OF,AAA,exact,1.0,full_name,unique,687597,Jordan Beck,2024-04-30
2024,82,Anthony Solometo,LHP,AA,exact,1.0,full_name,unique,696143,Anthony Solometo,
2024,83,Carson Whisenhunt,LHP,MLB,exact,1.0,full_name,unique,687931,Carson Whisenhunt,2025-07-28
2024,84,Spencer Jones,OF,MLB,exact,1.0,full_name,unique,682987,Spencer Jones,2026-05-08
2024,85,Drew Thorpe,RHP,AA,exact,1.0,full_name,unique,689672,Drew Thorpe,2024-06-11
2024,86,Roderick Arias,SS,A+,exact,1.0,full_name,unique,703149,Roderick Arias,
2024,87,Colt Emerson,SS,MLB,exact,1.0,full_name,unique,806068,Colt Emerson,2026-05-17
2024,88,Brock Porter,RHP,A+,exact,1.0,full_name,unique,702548,Brock Porter,
2024,89,Orelvis Martinez,2B/3B,AAA,exact,1.0,full_name,unique,682619,Orelvis Martinez,2024-06-21
2024,90,Hurston Waldrep,RHP,AAA,exact,1.0,full_name,unique,694462,Hurston Waldrep,2024-06-09
2024,91,Brayan Rocchio,SS/2B,MLB,exact,1.0,full_name,unique,677587,Brayan Rocchio,2023-05-16
2024,92,Chase Hampton,RHP,AA,exact,1.0,full_name,unique,694633,Chase Hampton,
2024,93,Bubba Chandler,RHP,MLB,exact,1.0,full_name,unique,696149,Bubba Chandler,2025-08-22
2024,94,Blake Mitchell,C,A+,exact,1.0,full_name,unique,805810,Blake Mitchell,
2024,95,Nolan Schanuel,1B,MLB,exact,1.0,full_name,unique,694384,Nolan Schanuel,2023-08-18
2024,96,Bryce Eldridge,1B,MLB,exact,1.0,full_name,unique,805811,Bryce Eldridge,2025-09-15
2024,97,Ryan Clifford,1B/OF,AAA,exact,1.0,full_name,unique,691775,Ryan Clifford,
2024,98,Chase Petty,RHP,AAA,exact,1.0,full_name,unique,695534,Chase Petty,2025-04-30
2024,99,Tekoah Roby,RHP,AAA,exact,1.0,full_name,unique,694358,Tekoah Roby,
2024,100,Daniel Espino,RHP,AAA,exact,1.0,full_name,unique,682982,Daniel Espino,2026-06-17
