sport_id,season,group,n_teams,atBats,baseOnBalls,battersFaced,caughtStealing,doubles,earnedRuns,gamesPlayed,gamesStarted,hitBatsmen,hitByPitch,hits,homeRuns,inningsPitched,intentionalWalks,plateAppearances,runs,sacFlies,stolenBases,strikeOuts,triples
11,2021,hitting,30,127987,14520,,887,6626,,3850,,,2009,32518,4761,,230,145997,19679,1049,2752,,746
11,2021,pitching,30,,14520,145997,,,17768,3850,3850,2009,,,4761,33280.3,,,19679,,,34762,
11,2022,hitting,30,150155,17620,,1142,7986,,4474,,,2315,38472,5341,,212,171720,23473,1248,4161,,862
11,2022,pitching,30,,17620,171720,,,21180,4474,4474,2315,,,5341,39006.0,,,23473,,,39811,
11,2023,hitting,30,149891,20967,,1247,8145,,4448,,,2311,39666,5583,,211,174963,25347,1406,4391,,925
11,2023,pitching,30,,20967,174963,,,22998,4448,4448,2311,,,5583,38731.7,,,25347,,,39151,
11,2024,hitting,30,149490,18848,,1249,7955,,4464,,,2200,38747,5150,,207,172462,23737,1351,4621,,851
11,2024,pitching,30,,18848,172462,,,21424,4464,4464,2200,,,5150,38812.0,,,23737,,,39455,
11,2025,hitting,30,148484,18747,,1319,7677,,4464,,,2254,38290,4922,,193,171483,23381,1366,4988,,881
11,2025,pitching,30,,18747,171483,,,21141,4464,4464,2254,,,4922,38670.3,,,23381,,,38803,
11,2026,hitting,30,104754,13887,,962,5409,,3146,,,1605,27221,3575,,134,121822,17030,1044,3657,,594
11,2026,pitching,30,,13887,121822,,,15426,3146,3146,1605,,,3575,27258.3,,,17030,,,27127,
12,2019,hitting,30,135267,13312,,1489,6334,,4154,,,1892,32837,3115,,336,152421,17024,1107,3147,,859
12,2019,pitching,30,,13312,152421,,,14823,4154,4154,1892,,,3115,35989.7,,,17024,,,35410,
12,2021,hitting,30,113815,12448,,1135,5484,,3482,,,2021,27764,3815,,138,129504,16423,878,2760,,593
12,2021,pitching,30,,12448,129504,,,14541,3482,3482,2021,,,3815,29965.0,,,16423,,,33021,
12,2022,hitting,30,136041,16326,,1259,6914,,4100,,,2518,33936,4604,,178,156510,20768,1196,4307,,702
12,2022,pitching,30,,16326,156510,,,18568,4100,4100,2518,,,4604,35699.7,,,20768,,,38275,
12,2023,hitting,30,135441,17068,,1384,6509,,4108,,,2516,33123,4298,,154,156702,20393,1194,4807,,739
12,2023,pitching,30,,17068,156702,,,18048,4108,4108,2516,,,4298,35772.3,,,20393,,,38417,
12,2024,hitting,30,133902,14795,,1432,6224,,4106,,,2371,31638,3269,,133,152819,17824,1177,4938,,653
12,2024,pitching,30,,14795,152819,,,15632,4106,4106,2371,,,3269,35759.3,,,17824,,,36777,
12,2025,hitting,30,132903,15782,,1438,5948,,4112,,,2075,31263,3064,,124,152649,17625,1242,4973,,739
12,2025,pitching,30,,15782,152649,,,15520,4112,4112,2075,,,3064,35619.7,,,17625,,,35830,
12,2026,hitting,30,97292,12461,,1153,4759,,2968,,,1657,24012,3441,,124,112776,15443,883,4476,,539
12,2026,pitching,30,,12461,112776,,,13790,2968,2968,1657,,,3441,25699.3,,,15443,,,27539,
13,2017,hitting,30,137731,12830,,1616,6849,,4122,,,1924,35084,2800,,338,154629,17824,1117,3342,,1041
13,2017,pitching,30,,12826,154577,,,15459,4122,4122,1923,,,2798,36118.7,,,17815,,,33949,
13,2018,hitting,30,135517,13366,,1516,6775,,4110,,,2008,34315,2816,,245,152910,18077,1183,3112,,993
13,2018,pitching,30,,13366,152910,,,15559,4110,4110,2008,,,2816,35558.0,,,18077,,,33741,
13,2019,hitting,30,132867,13259,,1590,6327,,4086,,,2093,32512,2624,,234,150094,16941,1185,3255,,950
13,2019,pitching,30,,13259,150094,,,14477,4086,4086,2093,,,2624,35247.0,,,16941,,,35319,
13,2021,hitting,30,116952,13375,,1219,5870,,3544,,,2182,28433,3745,,126,133872,17926,997,3821,,778
13,2021,pitching,30,,13375,133872,,,15632,3544,3544,2182,,,3745,30696.0,,,17926,,,35600,
13,2022,hitting,30,127803,15145,,1264,6069,,3908,,,2435,30652,3633,,125,146833,18620,1071,4367,,885
13,2022,pitching,30,,15145,146833,,,16242,3908,3908,2435,,,3633,33785.7,,,18620,,,37337,
13,2023,hitting,30,128543,15356,,1457,6289,,3910,,,2392,31158,3362,,125,147812,18699,1164,4739,,884
13,2023,pitching,30,,15356,147812,,,16340,3910,3910,2392,,,3362,34007.0,,,18699,,,36608,
13,2024,hitting,30,127834,15125,,1472,5970,,3926,,,2475,30035,2958,,122,147059,17728,1138,5403,,820
13,2024,pitching,30,,15125,147059,,,15354,3926,3926,2475,,,2958,34086.7,,,17728,,,36164,
13,2025,hitting,30,126691,16235,,1558,5874,,3916,,,2590,29532,2790,,132,147225,17651,1229,5625,,798
13,2025,pitching,30,,16235,147225,,,15427,3916,3916,2590,,,2790,34018.7,,,17651,,,34846,
13,2026,hitting,30,96947,13766,,1288,4813,,2944,,,2017,24201,3339,,54,114064,16371,936,4608,,556
13,2026,pitching,30,,13766,114064,,,14503,2944,2944,2017,,,3339,25505.3,,,16371,,,27754,
14,2017,hitting,30,137918,12649,,1707,6867,,4140,,,2216,34498,2744,,186,154942,18015,1163,3599,,1028
14,2017,pitching,30,,12649,154942,,,15456,4140,4140,2216,,,2744,36366.0,,,18015,,,34284,
14,2018,hitting,30,135172,12491,,1619,6682,,4120,,,2070,33793,2736,,231,151758,17638,1174,3359,,1044
14,2018,pitching,30,,12491,151758,,,14762,4120,4120,2070,,,2736,35530.7,,,17638,,,34812,
14,2019,hitting,30,135671,14057,,1611,6553,,4150,,,2375,32476,2564,,170,154036,17770,1180,3461,,958
14,2019,pitching,30,,14057,154036,,,14956,4150,4150,2375,,,2564,36072.3,,,17770,,,36462,
14,2021,hitting,30,116762,15131,,1300,5863,,3554,,,2563,28605,2908,,129,135845,18729,1054,4357,,932
14,2021,pitching,30,,15131,135845,,,15705,3554,3554,2563,,,2908,30506.0,,,18729,,,35407,
14,2022,hitting,30,128507,16643,,1523,6148,,3912,,,2770,31057,3065,,101,149400,19737,1139,5113,,964
14,2022,pitching,30,,16643,149400,,,16736,3912,3912,2770,,,3065,33859.7,,,19737,,,38342,
14,2023,hitting,30,127400,17027,,1674,5963,,3904,,,2784,30758,2614,,90,148834,19498,1251,5589,,1022
14,2023,pitching,30,,17027,148834,,,16650,3904,3904,2784,,,2614,33820.7,,,19498,,,36678,
14,2024,hitting,30,126972,16877,,1586,5930,,3890,,,2869,29799,2328,,110,148374,18588,1277,5727,,974
14,2024,pitching,30,,16877,148374,,,15658,3890,3890,2869,,,2328,33882.0,,,18588,,,36899,
14,2025,hitting,30,126691,17702,,1894,5532,,3896,,,2806,29985,2112,,71,149076,18773,1327,6708,,920
14,2025,pitching,30,,17702,149076,,,15923,3896,3896,2806,,,2112,33899.0,,,18773,,,35029,
14,2026,hitting,30,97853,14407,,1574,4748,,2978,,,2097,24228,2707,,45,115766,16590,1034,5049,,751
14,2026,pitching,30,,14407,115766,,,14177,2978,2978,2097,,,2707,25876.7,,,16590,,,28431,
15,2016,hitting,22,55197,5682,,683,2589,,1660,,,988,13633,677,,50,62809,7157,537,1611,,423
15,2016,pitching,22,,5682,62809,,,5885,1660,1660,988,,,677,14564.7,,,7157,,,13033,
15,2017,hitting,22,55319,5364,,769,2580,,1652,,,970,13546,800,,60,62503,7195,488,1511,,431
15,2017,pitching,22,,5364,62503,,,5850,1652,1652,970,,,800,14544.7,,,7195,,,14344,
15,2018,hitting,22,54676,5440,,690,2740,,1660,,,975,13373,907,,128,61868,7194,489,1635,,437
15,2018,pitching,22,,5440,61868,,,5945,1660,1660,975,,,907,14469.7,,,7194,,,14082,
15,2019,hitting,22,54327,5895,,726,2521,,1666,,,1018,12781,848,,110,61963,7132,482,1496,,441
15,2019,pitching,22,,5895,61963,,,5870,1666,1666,1018,,,848,14471.7,,,7132,,,14664,
16,2015,hitting,50,116606,12098,,2059,5576,,3433,,,2617,30923,1510,,160,133484,18114,1086,4235,,1375
16,2015,pitching,50,,10788,122673,,,10617,3261,3261,2355,,,923,28545.0,,,13998,,,24630,
16,2016,hitting,50,110047,11421,,1780,5435,,3271,,,2344,28974,1524,,97,125752,16801,1005,3985,,1155
16,2016,pitching,50,,11106,121009,,,10105,3236,3236,2376,,,872,28357.0,,,13311,,,24124,
16,2017,hitting,50,109781,12168,,1695,5508,,3268,,,2424,29262,1864,,235,126290,17901,1094,3598,,1183
16,2017,pitching,50,,11665,121087,,,10710,3279,3279,2457,,,1001,28117.7,,,14121,,,24919,
16,2018,hitting,50,107120,12499,,1780,5415,,3214,,,2242,28284,1759,,186,123582,17817,1128,3822,,1235
16,2018,pitching,50,,12330,122167,,,10950,3278,3278,2420,,,1015,28307.0,,,14510,,,26913,
16,2019,hitting,50,104980,13731,,2036,5017,,3140,,,2585,27261,1440,,159,123031,17764,1203,4728,,1263
16,2019,pitching,50,,12418,116062,,,10989,3060,3060,2355,,,1104,26636.3,,,14162,,,26182,
16,2021,hitting,50,83595,12141,,1602,4253,,2803,,,2447,20949,1604,,98,99288,15046,881,4152,,831
16,2021,pitching,50,,11366,97446,,,9937,2840,2840,2431,,,1214,22175.7,,,12722,,,23954,
16,2022,hitting,50,85955,12103,,1619,4174,,2824,,,2473,21785,1465,,84,101674,15160,912,4197,,902
16,2022,pitching,50,,11149,100274,,,10151,2840,2840,2435,,,1300,22823.7,,,12933,,,24927,
16,2023,hitting,50,85079,13620,,1551,4385,,2709,,,2609,22180,1557,,72,102492,16535,985,4610,,910
16,2023,pitching,50,,12529,98143,,,10885,2693,2693,2459,,,1246,21953.3,,,13471,,,22919,
16,2024,hitting,50,85718,13952,,1642,4138,,2829,,,2680,21959,1345,,74,103716,16071,1043,5253,,913
16,2024,pitching,50,,12726,98971,,,10709,2778,2778,2577,,,1092,22187.7,,,13335,,,23120,
16,2025,hitting,50,85938,14234,,1677,4181,,2843,,,2864,22176,1329,,65,104433,16536,1070,5181,,939
16,2025,pitching,50,,12875,101148,,,11093,2833,2833,2602,,,1207,22743.0,,,13669,,,22805,
16,2026,hitting,50,73024,14135,,1380,3812,,2452,,,2513,19582,1702,,42,90977,16292,948,5238,,787
16,2026,pitching,50,,12659,86579,,,11242,2439,2439,2099,,,1474,18750.0,,,13515,,,19179,
1,2015,hitting,30,165488,14073,,1064,8242,,4858,,,1602,42106,4909,,951,183628,20647,1232,2505,,939
1,2015,pitching,30,,14073,183628,,,19075,4858,4858,1602,,,4909,43407.7,,,20647,,,37446,
1,2016,hitting,30,165561,15088,,1001,8254,,4856,,,1651,42276,5610,,932,184580,21744,1214,2537,,873
1,2016,pitching,30,,15088,184580,,,20124,4856,4856,1651,,,5610,43306.3,,,21744,,,38982,
1,2017,hitting,30,165567,15829,,934,8397,,4860,,,1763,42215,6105,,970,185295,22582,1168,2527,,795
1,2017,pitching,30,,15829,185295,,,20911,4860,4860,1763,,,6105,43257.0,,,22582,,,40104,
1,2018,hitting,30,165432,15686,,958,8264,,4862,,,1922,41018,5585,,929,185139,21630,1235,2474,,847
1,2018,pitching,30,,15686,185139,,,20025,4862,4862,1922,,,5585,43489.0,,,21630,,,41207,
1,2019,hitting,30,166651,15895,,832,8531,,4858,,,1984,42039,6776,,753,186517,23467,1150,2280,,785
1,2019,pitching,30,,15895,186517,,,21684,4858,4858,1984,,,6776,43423.3,,,23467,,,42823,
1,2020,hitting,30,59030,6092,,292,2823,,1796,,,821,14439,2304,,202,66506,8344,402,885,,241
1,2020,pitching,30,,6092,66506,,,7638,1796,1796,821,,,2304,15468.7,,,8344,,,15586,
1,2021,hitting,30,161941,15794,,711,7863,,4858,,,2112,39484,5944,,703,181818,22010,1143,2213,,671
1,2021,pitching,30,,15794,181818,,,20162,4858,4858,2112,,,5944,42615.0,,,22010,,,42145,
1,2022,hitting,30,163465,14853,,811,7940,,4860,,,2046,39674,5215,,475,182052,20817,1224,2486,,643
1,2022,pitching,30,,14853,182052,,,18963,4860,4860,2046,,,5215,43075.3,,,20817,,,40812,
1,2023,hitting,30,164418,15819,,866,8228,,4860,,,2112,40839,5868,,474,184104,22432,1230,3503,,712
1,2023,pitching,30,,15819,184104,,,20710,4860,4860,2112,,,5868,43087.3,,,22432,,,41843,
1,2024,hitting,30,163687,14929,,961,7771,,4858,,,2020,39823,5453,,509,182449,21343,1261,3617,,697
1,2024,pitching,30,,14929,182449,,,19508,4858,4858,2020,,,5453,43116.3,,,21343,,,41197,
1,2025,hitting,30,163664,15379,,989,7745,,4860,,,1928,40138,5650,,556,182926,21614,1307,3440,,628
1,2025,pitching,30,,15379,182926,,,19869,4860,4860,1928,,,5650,43075.0,,,21614,,,40645,
1,2026,hitting,30,111217,11139,,680,5177,,3312,,,1436,27110,3825,,352,125199,14874,893,2259,,450
1,2026,pitching,30,,11139,125199,,,13626,3312,3312,1436,,,3825,29334.0,,,14872,,,27723,
