method,company,quarter,kpi,estimate,truth,ape
m1,Aurelo,2023Q1,actives,17644.0764,24668.0000,0.284738
m1,Aurelo,2023Q1,arpu,32.6331,33.2520,0.018612
m1,Aurelo,2023Q1,churn_rate,0.2295,0.0732,2.137174
m1,Aurelo,2023Q1,gross_adds,2366.0639,2927.0000,0.191642
m1,Aurelo,2023Q1,market_share,2.7238,2.4653,0.104855
m1,Aurelo,2023Q1,revenue,575781.6461,820260.6300,0.298050
m1,Aurelo,2023Q2,actives,23660.6388,25793.0000,0.082672
m1,Aurelo,2023Q2,arpu,32.7188,33.2810,0.016893
m1,Aurelo,2023Q2,churn_rate,0.1996,0.0703,1.841160
m1,Aurelo,2023Q2,gross_adds,9802.2647,2858.0000,2.429764
m1,Aurelo,2023Q2,market_share,2.8719,2.5409,0.130269
m1,Aurelo,2023Q2,revenue,774147.7100,858417.9100,0.098169
m1,Aurelo,2023Q3,actives,23255.0279,26827.0000,0.133148
m1,Aurelo,2023Q3,arpu,33.3214,33.2895,0.000958
m1,Aurelo,2023Q3,churn_rate,0.2310,0.0677,2.412465
m1,Aurelo,2023Q3,gross_adds,2602.6703,2780.0000,0.063788
m1,Aurelo,2023Q3,market_share,2.5021,2.3795,0.051523
m1,Aurelo,2023Q3,revenue,774890.6540,893058.3900,0.132318
m1,Aurelo,2023Q4,actives,22376.2042,27592.0000,0.189033
m1,Aurelo,2023Q4,arpu,33.4680,33.4508,0.000514
m1,Aurelo,2023Q4,churn_rate,0.2380,0.0691,2.441943
m1,Aurelo,2023Q4,gross_adds,1825.2493,2620.0000,0.303340
m1,Aurelo,2023Q4,market_share,2.2477,2.0205,0.112447
m1,Aurelo,2023Q4,revenue,748887.6120,922973.1700,0.188614
m1,Aurelo,2024Q1,actives,22714.2133,28301.0000,0.197406
m1,Aurelo,2024Q1,arpu,30.5169,33.3975,0.086252
m1,Aurelo,2024Q1,churn_rate,0.2212,0.0655,2.375759
m1,Aurelo,2024Q1,gross_adds,1994.2538,2517.0000,0.207686
m1,Aurelo,2024Q1,market_share,2.6418,2.4375,0.083815
m1,Aurelo,2024Q1,revenue,693166.8075,945183.9600,0.266633
m1,Aurelo,2024Q2,actives,23086.0233,28843.0000,0.199597
m1,Aurelo,2024Q2,arpu,32.4712,33.4722,0.029905
m1,Aurelo,2024Q2,churn_rate,0.1991,0.0647,2.077422
m1,Aurelo,2024Q2,gross_adds,1960.4529,2373.0000,0.173850
m1,Aurelo,2024Q2,market_share,2.8366,2.4628,0.151778
m1,Aurelo,2024Q2,revenue,749630.5560,965438.5300,0.223534
m1,Aurelo,2024Q3,actives,21193.1722,29303.0000,0.276758
m1,Aurelo,2024Q3,arpu,34.5826,33.5044,0.032181
m1,Aurelo,2024Q3,churn_rate,0.2603,0.0638,3.078148
m1,Aurelo,2024Q3,gross_adds,2095.6566,2301.0000,0.089241
m1,Aurelo,2024Q3,market_share,2.7771,2.3453,0.184113
m1,Aurelo,2024Q3,revenue,732914.3147,981780.6600,0.253485
m1,Aurelo,2024Q4,actives,22004.3941,29605.0000,0.256734
m1,Aurelo,2024Q4,arpu,32.7505,33.5625,0.024194
m1,Aurelo,2024Q4,churn_rate,0.2239,0.0634,2.529263
m1,Aurelo,2024Q4,gross_adds,1453.4392,2161.0000,0.327423
m1,Aurelo,2024Q4,market_share,2.2439,1.9176,0.170161
m1,Aurelo,2024Q4,revenue,720655.7377,993616.8900,0.274715
m1,Bramblebox,2023Q1,actives,4664.5259,6283.0000,0.257596
m1,Bramblebox,2023Q1,arpu,179.1006,189.8235,0.056489
m1,Bramblebox,2023Q1,churn_rate,0.3790,0.3361,0.127731
m1,Bramblebox,2023Q1,gross_adds,2129.4575,2648.0000,0.195824
m1,Bramblebox,2023Q1,market_share,3.9520,3.5846,0.102494
m1,Bramblebox,2023Q1,revenue,835419.3003,1192661.1900,0.299533
m1,Bramblebox,2023Q2,actives,6455.9743,7168.0000,0.099334
m1,Bramblebox,2023Q2,arpu,174.3165,190.0799,0.082930
m1,Bramblebox,2023Q2,churn_rate,0.3824,0.3422,0.117498
m1,Bramblebox,2023Q2,gross_adds,3718.1004,3035.0000,0.225074
m1,Bramblebox,2023Q2,market_share,4.1749,4.0329,0.035210
m1,Bramblebox,2023Q2,revenue,1125382.7953,1362492.8800,0.174027
m1,Bramblebox,2023Q3,actives,6793.9834,7958.0000,0.146270
m1,Bramblebox,2023Q3,arpu,183.5515,192.1519,0.044758
m1,Bramblebox,2023Q3,churn_rate,0.4262,0.3357,0.269745
m1,Bramblebox,2023Q3,gross_adds,3244.8876,3196.0000,0.015296
m1,Bramblebox,2023Q3,market_share,4.0266,4.0744,0.011732
m1,Bramblebox,2023Q3,revenue,1247045.8002,1529145.1000,0.184482
m1,Bramblebox,2023Q4,actives,8247.4227,8788.0000,0.061513
m1,Bramblebox,2023Q4,arpu,171.3649,193.1858,0.112953
m1,Bramblebox,2023Q4,churn_rate,0.3333,0.3461,0.036892
m1,Bramblebox,2023Q4,gross_adds,3143.4849,3584.0000,0.122912
m1,Bramblebox,2023Q4,market_share,4.2419,3.7164,0.141400
m1,Bramblebox,2023Q4,revenue,1413318.5736,1697717.0000,0.167518
m1,Bramblebox,2024Q1,actives,7368.5990,9677.0000,0.238545
m1,Bramblebox,2024Q1,arpu,174.7415,192.0461,0.090106
m1,Bramblebox,2024Q1,churn_rate,0.4346,0.3292,0.320174
m1,Bramblebox,2024Q1,gross_adds,2264.6611,3782.0000,0.401200
m1,Bramblebox,2024Q1,market_share,4.9073,4.7926,0.023933
m1,Bramblebox,2024Q1,revenue,1287600.1352,1858430.2100,0.307157
m1,Bramblebox,2024Q2,actives,0.0000,10657.0000,1.000000
m1,Bramblebox,2024Q2,arpu,0.0000,191.9601,1.000000
m1,Bramblebox,2024Q2,churn_rate,1.0000,0.3253,2.074019
m1,Bramblebox,2024Q2,gross_adds,1926.6520,4128.0000,0.533272
m1,Bramblebox,2024Q2,market_share,3.3607,5.2186,0.356015
m1,Bramblebox,2024Q2,revenue,888139.9358,2045718.9900,0.565854
m1,Bramblebox,2024Q3,actives,0.0000,11411.0000,1.000000
m1,Bramblebox,2024Q3,arpu,0.0000,193.9121,1.000000
m1,Bramblebox,2024Q3,churn_rate,0.0000,0.3267,1.000000
m1,Bramblebox,2024Q3,gross_adds,0.0000,4236.0000,1.000000
m1,Bramblebox,2024Q3,market_share,0.0000,5.2858,1.000000
m1,Bramblebox,2024Q3,revenue,0.0000,2212731.1500,1.000000
m1,Bramblebox,2024Q4,actives,0.0000,12319.0000,1.000000
m1,Bramblebox,2024Q4,arpu,0.0000,193.8438,1.000000
m1,Bramblebox,2024Q4,churn_rate,0.0000,0.3296,1.000000
m1,Bramblebox,2024Q4,gross_adds,0.0000,4669.0000,1.000000
m1,Bramblebox,2024Q4,market_share,0.0000,4.6085,1.000000
m1,Bramblebox,2024Q4,revenue,0.0000,2387961.9400,1.000000
m1,Glimmerly,2023Q1,actives,35693.7637,36256.0000,0.015507
m1,Glimmerly,2023Q1,arpu,178.7936,256.5808,0.303168
m1,Glimmerly,2023Q1,churn_rate,0.0653,0.0197,2.314553
m1,Glimmerly,2023Q1,gross_adds,845.0228,728.0000,0.160746
m1,Glimmerly,2023Q1,market_share,30.1896,27.9595,0.079762
m1,Glimmerly,2023Q1,revenue,6381814.7710,9302591.8400,0.313975
m1,Glimmerly,2023Q2,actives,42352.5435,36281.0000,0.167348
m1,Glimmerly,2023Q2,arpu,186.5448,232.4506,0.197486
m1,Glimmerly,2023Q2,churn_rate,0.0455,0.0167,1.717716
m1,Glimmerly,2023Q2,gross_adds,8281.2236,632.0000,12.103202
m1,Glimmerly,2023Q2,market_share,29.3096,24.9628,0.174131
m1,Glimmerly,2023Q2,revenue,7900645.9354,8433538.5000,0.063187
m1,Glimmerly,2023Q3,actives,43467.9736,36288.0000,0.197861
m1,Glimmerly,2023Q3,arpu,197.3734,266.8608,0.260388
m1,Glimmerly,2023Q3,churn_rate,0.0471,0.0190,1.476601
m1,Glimmerly,2023Q3,gross_adds,3109.6840,697.0000,3.461527
m1,Glimmerly,2023Q3,market_share,27.7023,25.8024,0.073633
m1,Glimmerly,2023Q3,revenue,8579422.6804,9683844.3300,0.114048
m1,Glimmerly,2023Q4,actives,42690.5526,36384.0000,0.173333
m1,Glimmerly,2023Q4,arpu,222.7083,320.1369,0.304334
m1,Glimmerly,2023Q4,churn_rate,0.0560,0.0201,1.791347
m1,Glimmerly,2023Q4,gross_adds,1656.2447,824.0000,1.010006
m1,Glimmerly,2023Q4,market_share,28.5355,25.4981,0.119123
m1,Glimmerly,2023Q4,revenue,9507541.9976,11647862.1300,0.183752
m1,Glimmerly,2024Q1,actives,42251.1408,36354.0000,0.162214
m1,Glimmerly,2024Q1,arpu,180.8903,265.2146,0.317947
m1,Glimmerly,2024Q1,churn_rate,0.0388,0.0182,1.129294
m1,Glimmerly,2024Q1,gross_adds,1216.8329,633.0000,0.922327
m1,Glimmerly,2024Q1,market_share,29.1282,24.8642,0.171492
m1,Glimmerly,2024Q1,revenue,7642822.3762,9641611.1400,0.207309
m1,Glimmerly,2024Q2,actives,40865.3034,36382.0000,0.123229
m1,Glimmerly,2024Q2,arpu,178.2331,241.5264,0.262055
m1,Glimmerly,2024Q2,churn_rate,0.0536,0.0158,2.382984
m1,Glimmerly,2024Q2,gross_adds,878.8237,604.0000,0.455006
m1,Glimmerly,2024Q2,market_share,27.5610,22.4161,0.229518
m1,Glimmerly,2024Q2,revenue,7283548.0818,8787214.2000,0.171120
m1,Glimmerly,2024Q3,actives,39107.6559,36384.0000,0.074859
m1,Glimmerly,2024Q3,arpu,195.2440,276.2123,0.293138
m1,Glimmerly,2024Q3,churn_rate,0.0711,0.0176,3.035416
m1,Glimmerly,2024Q3,gross_adds,1149.2310,643.0000,0.787295
m1,Glimmerly,2024Q3,market_share,28.9320,24.0071,0.205143
m1,Glimmerly,2024Q3,revenue,7635534.8994,10049708.5300,0.240223
m1,Glimmerly,2024Q4,actives,37519.0130,36444.0000,0.029498
m1,Glimmerly,2024Q4,arpu,246.8586,333.6962,0.260230
m1,Glimmerly,2024Q4,churn_rate,0.0700,0.0207,2.377889
m1,Glimmerly,2024Q4,gross_adds,1149.2310,814.0000,0.411832
m1,Glimmerly,2024Q4,market_share,28.8383,23.4697,0.228746
m1,Glimmerly,2024Q4,revenue,9261890.8231,12161225.0100,0.238408
m1,Pinefort,2023Q1,actives,13452.7632,16544.0000,0.186849
m1,Pinefort,2023Q1,arpu,344.8341,485.2021,0.289298
m1,Pinefort,2023Q1,churn_rate,0.1123,0.0395,1.844839
m1,Pinefort,2023Q1,gross_adds,1960.4529,1774.0000,0.105103
m1,Pinefort,2023Q1,market_share,21.9450,24.1262,0.090408
m1,Pinefort,2023Q1,revenue,4638971.1002,8027183.8400,0.422092
m1,Pinefort,2023Q2,actives,16765.2527,17725.0000,0.054147
m1,Pinefort,2023Q2,arpu,360.6370,485.3506,0.256956
m1,Pinefort,2023Q2,churn_rate,0.0783,0.0407,0.921944
m1,Pinefort,2023Q2,gross_adds,4799.7296,1855.0000,1.587455
m1,Pinefort,2023Q2,market_share,22.4299,25.4639,0.119149
m1,Pinefort,2023Q2,revenue,6046170.0186,8602840.2300,0.297189
m1,Pinefort,2023Q3,actives,16765.2527,18828.0000,0.109557
m1,Pinefort,2023Q3,arpu,360.7154,485.4255,0.256909
m1,Pinefort,2023Q3,churn_rate,0.1023,0.0378,1.706349
m1,Pinefort,2023Q3,gross_adds,1656.2447,1773.0000,0.065852
m1,Pinefort,2023Q3,market_share,19.5269,24.3522,0.198146
m1,Pinefort,2023Q3,revenue,6047484.5361,9139590.7700,0.338320
m1,Pinefort,2023Q4,actives,17272.2664,19887.0000,0.131480
m1,Pinefort,2023Q4,arpu,360.2447,485.0985,0.257378
m1,Pinefort,2023Q4,churn_rate,0.0784,0.0371,1.111728
m1,Pinefort,2023Q4,gross_adds,1250.6338,1758.0000,0.288604
m1,Pinefort,2023Q4,market_share,18.6752,21.1184,0.115691
m1,Pinefort,2023Q4,revenue,6222241.6765,9647154.7200,0.355018
m1,Pinefort,2024Q1,actives,18015.8864,20971.0000,0.140914
m1,Pinefort,2024Q1,arpu,334.0471,486.5652,0.313459
m1,Pinefort,2024Q1,churn_rate,0.0927,0.0355,1.611194
m1,Pinefort,2024Q1,gross_adds,1825.2493,1790.0000,0.019692
m1,Pinefort,2024Q1,market_share,22.9363,26.3139,0.128358
m1,Pinefort,2024Q1,revenue,6018154.8082,10203757.9800,0.410202
m1,Pinefort,2024Q2,actives,18049.6873,21995.0000,0.179373
m1,Pinefort,2024Q2,arpu,366.7587,487.4823,0.247647
m1,Pinefort,2024Q2,churn_rate,0.1146,0.0378,2.034475
m1,Pinefort,2024Q2,gross_adds,1521.0411,1816.0000,0.162422
m1,Pinefort,2024Q2,market_share,25.0496,27.3521,0.084180
m1,Pinefort,2024Q2,revenue,6619880.6828,10722172.7000,0.382599
m1,Pinefort,2024Q3,actives,19063.7147,22993.0000,0.170891
m1,Pinefort,2024Q3,arpu,360.0414,485.0174,0.257673
m1,Pinefort,2024Q3,churn_rate,0.0833,0.0365,1.284508
m1,Pinefort,2024Q3,gross_adds,1521.0411,1800.0000,0.154977
m1,Pinefort,2024Q3,market_share,26.0075,26.6403,0.023753
m1,Pinefort,2024Q3,revenue,6863726.5506,11152005.0100,0.384530
m1,Pinefort,2024Q4,actives,19165.1175,23926.0000,0.198984
m1,Pinefort,2024Q4,arpu,355.7785,485.1044,0.266594
m1,Pinefort,2024Q4,churn_rate,0.0676,0.0366,0.845986
m1,Pinefort,2024Q4,gross_adds,1047.8283,1775.0000,0.409674
m1,Pinefort,2024Q4,market_share,21.2305,22.3994,0.052184
m1,Pinefort,2024Q4,revenue,6818536.0825,11606608.2900,0.412530
m1,Streambird,2023Q1,actives,22545.2087,33121.0000,0.319308
m1,Streambird,2023Q1,arpu,35.5206,36.1930,0.018578
m1,Streambird,2023Q1,churn_rate,0.2309,0.0888,1.601456
m1,Streambird,2023Q1,gross_adds,3515.2949,4898.0000,0.282300
m1,Streambird,2023Q1,market_share,3.7883,3.6029,0.051459
m1,Streambird,2023Q1,revenue,800819.3341,1198748.2100,0.331954
m1,Streambird,2023Q2,actives,29440.5949,35217.0000,0.164023
m1,Streambird,2023Q2,arpu,35.2266,36.1862,0.026518
m1,Streambird,2023Q2,churn_rate,0.2377,0.0828,1.871224
m1,Streambird,2023Q2,gross_adds,10647.2875,4838.0000,1.200762
m1,Streambird,2023Q2,market_share,3.8474,3.7721,0.019962
m1,Streambird,2023Q2,revenue,1037093.4595,1274369.1400,0.186191
m1,Streambird,2023Q3,actives,29203.9885,37363.0000,0.218371
m1,Streambird,2023Q3,arpu,36.4973,36.2145,0.007809
m1,Streambird,2023Q3,churn_rate,0.2369,0.0807,1.935564
m1,Streambird,2023Q3,gross_adds,3582.8967,4988.0000,0.281697
m1,Streambird,2023Q3,market_share,3.4416,3.6053,0.045405
m1,Streambird,2023Q3,revenue,1065867.8384,1353083.4900,0.212268
m1,Streambird,2023Q4,actives,30184.2150,39232.0000,0.230623
m1,Streambird,2023Q4,arpu,35.7417,36.3606,0.017021
m1,Streambird,2023Q4,churn_rate,0.2306,0.0826,1.791024
m1,Streambird,2023Q4,gross_adds,4360.3177,4956.0000,0.120194
m1,Streambird,2023Q4,market_share,3.2380,3.1227,0.036923
m1,Streambird,2023Q4,revenue,1078836.5726,1426498.2600,0.243717
m1,Streambird,2024Q1,actives,29305.3912,40985.0000,0.284973
m1,Streambird,2024Q1,arpu,34.1722,36.3904,0.060956
m1,Streambird,2024Q1,churn_rate,0.2555,0.0825,2.097570
m1,Streambird,2024Q1,gross_adds,3177.2858,4989.0000,0.363142
m1,Streambird,2024Q1,market_share,3.8166,3.8462,0.007696
m1,Streambird,2024Q1,revenue,1001429.4406,1491460.0800,0.328558
m1,Streambird,2024Q2,actives,29880.0068,42567.0000,0.298048
m1,Streambird,2024Q2,arpu,36.0107,36.4863,0.013035
m1,Streambird,2024Q2,churn_rate,0.2378,0.0817,1.911076
m1,Streambird,2024Q2,gross_adds,3143.4849,4930.0000,0.362376
m1,Streambird,2024Q2,market_share,4.0716,3.9620,0.027663
m1,Streambird,2024Q2,revenue,1075999.6620,1553112.6600,0.307198
m1,Streambird,2024Q3,actives,29305.3912,42864.0000,0.316317
m1,Streambird,2024Q3,arpu,42.8091,43.1574,0.008070
m1,Streambird,2024Q3,churn_rate,0.2474,0.1131,1.187135
m1,Streambird,2024Q3,gross_adds,2940.6794,5112.0000,0.424750
m1,Streambird,2024Q3,market_share,4.7536,4.4191,0.075694
m1,Streambird,2024Q3,revenue,1254536.7585,1849897.7000,0.321835
m1,Streambird,2024Q4,actives,29812.4049,44668.0000,0.332578
m1,Streambird,2024Q4,arpu,41.9224,42.5209,0.014075
m1,Streambird,2024Q4,churn_rate,0.2411,0.0824,1.926788
m1,Streambird,2024Q4,gross_adds,3582.8967,5335.0000,0.328417
m1,Streambird,2024Q4,market_share,3.8915,3.6655,0.061656
m1,Streambird,2024Q4,revenue,1249808.0108,1899324.3700,0.341972
m1,Vantry,2023Q1,actives,67128.6125,70651.0000,0.049856
m1,Vantry,2023Q1,arpu,117.7783,180.1848,0.346347
m1,Vantry,2023Q1,churn_rate,0.0378,0.0127,1.973568
m1,Vantry,2023Q1,gross_adds,1791.4484,1139.0000,0.572826
m1,Vantry,2023Q1,market_share,37.4013,38.2615,0.022482
m1,Vantry,2023Q1,revenue,7906296.7720,12730236.9500,0.378936
m1,Vantry,2023Q2,actives,77539.2936,70771.0000,0.095637
m1,Vantry,2023Q2,arpu,129.9003,187.2627,0.306320
m1,Vantry,2023Q2,churn_rate,0.0504,0.0138,2.652174
m1,Vantry,2023Q2,gross_adds,13790.7724,1095.0000,11.594313
m1,Vantry,2023Q2,market_share,37.3663,39.2275,0.047446
m1,Vantry,2023Q2,revenue,10072380.5983,13252771.2000,0.239979
m1,Vantry,2023Q3,actives,78553.3209,71132.0000,0.104332
m1,Vantry,2023Q3,arpu,168.7436,209.9211,0.196157
m1,Vantry,2023Q3,churn_rate,0.0344,0.0123,1.791981
m1,Vantry,2023Q3,gross_adds,3684.2995,1233.0000,1.988077
m1,Vantry,2023Q3,market_share,42.8006,39.7862,0.075765
m1,Vantry,2023Q3,revenue,13255370.2890,14932104.3900,0.112291
m1,Vantry,2023Q4,actives,78215.3118,71407.0000,0.095345
m1,Vantry,2023Q4,arpu,183.4355,284.8344,0.355992
m1,Vantry,2023Q4,churn_rate,0.0426,0.0165,1.585579
m1,Vantry,2023Q4,gross_adds,3008.2812,1447.0000,1.078978
m1,Vantry,2023Q4,market_share,43.0618,44.5240,0.032841
m1,Vantry,2023Q4,revenue,14347464.5935,20339170.2300,0.294589
m1,Vantry,2024Q1,actives,76288.6598,71553.0000,0.066184
m1,Vantry,2024Q1,arpu,125.7775,204.5564,0.385121
m1,Vantry,2024Q1,churn_rate,0.0454,0.0119,2.818335
m1,Vantry,2024Q1,gross_adds,1622.4438,995.0000,0.630597
m1,Vantry,2024Q1,market_share,36.5698,37.7456,0.031151
m1,Vantry,2024Q1,revenue,9595396.6537,14636626.0500,0.344426
m1,Vantry,2024Q2,actives,73652.1886,71723.0000,0.026898
m1,Vantry,2024Q2,arpu,133.1916,210.9065,0.368480
m1,Vantry,2024Q2,churn_rate,0.0518,0.0114,3.559057
m1,Vantry,2024Q2,gross_adds,1318.2356,983.0000,0.341033
m1,Vantry,2024Q2,market_share,37.1205,38.5884,0.038040
m1,Vantry,2024Q2,revenue,9809852.9660,15126846.6000,0.351494
m1,Vantry,2024Q3,actives,71488.9302,71742.0000,0.003527
m1,Vantry,2024Q3,arpu,138.5473,217.6595,0.363468
m1,Vantry,2024Q3,churn_rate,0.0486,0.0130,2.752027
m1,Vantry,2024Q3,gross_adds,1419.6383,948.0000,0.497509
m1,Vantry,2024Q3,market_share,37.5298,37.3024,0.006096
m1,Vantry,2024Q3,revenue,9904599.6282,15615324.3800,0.365713
m1,Vantry,2024Q4,actives,69325.6718,71944.0000,0.036394
m1,Vantry,2024Q4,arpu,202.8942,316.4679,0.358879
m1,Vantry,2024Q4,churn_rate,0.0591,0.0160,2.693288
m1,Vantry,2024Q4,gross_adds,2061.8557,1350.0000,0.527301
m1,Vantry,2024Q4,market_share,43.7959,43.9394,0.003266
m1,Vantry,2024Q4,revenue,14065776.5760,22767963.0300,0.382212
m2,Aurelo,2023Q1,actives,21103.0781,24668.0000,0.144516
m2,Aurelo,2023Q1,arpu,32.3370,33.2520,0.027517
m2,Aurelo,2023Q1,churn_rate,0.2252,0.0732,2.078395
m2,Aurelo,2023Q1,gross_adds,2850.5573,2927.0000,0.026116
m2,Aurelo,2023Q1,market_share,2.6591,2.4653,0.078611
m2,Aurelo,2023Q1,revenue,682409.8274,820260.6300,0.168057
m2,Aurelo,2023Q2,actives,22186.1040,25793.0000,0.139840
m2,Aurelo,2023Q2,arpu,32.3802,33.2810,0.027066
m2,Aurelo,2023Q2,churn_rate,0.2026,0.0703,1.883863
m2,Aurelo,2023Q2,gross_adds,8362.4304,2858.0000,1.925973
m2,Aurelo,2023Q2,market_share,2.6167,2.5409,0.029832
m2,Aurelo,2023Q2,revenue,718389.5748,858417.9100,0.163124
m2,Aurelo,2023Q3,actives,21843.8215,26827.0000,0.185752
m2,Aurelo,2023Q3,arpu,32.8989,33.2895,0.011733
m2,Aurelo,2023Q3,churn_rate,0.2328,0.0677,2.439056
m2,Aurelo,2023Q3,gross_adds,2356.2330,2780.0000,0.152434
m2,Aurelo,2023Q3,market_share,2.2760,2.3795,0.043497
m2,Aurelo,2023Q3,revenue,718637.4114,893058.3900,0.195307
m2,Aurelo,2023Q4,actives,21762.1479,27592.0000,0.211288
m2,Aurelo,2023Q4,arpu,33.2143,33.4508,0.007070
m2,Aurelo,2023Q4,churn_rate,0.2391,0.0691,2.457851
m2,Aurelo,2023Q4,gross_adds,1829.5754,2620.0000,0.301689
m2,Aurelo,2023Q4,market_share,2.0597,2.0205,0.019401
m2,Aurelo,2023Q4,revenue,722813.6074,922973.1700,0.216864
m2,Aurelo,2024Q1,actives,22708.5303,28301.0000,0.197607
m2,Aurelo,2024Q1,arpu,30.4057,33.3975,0.089582
m2,Aurelo,2024Q1,churn_rate,0.2290,0.0655,2.494796
m2,Aurelo,2024Q1,gross_adds,1879.3356,2517.0000,0.253343
m2,Aurelo,2024Q1,market_share,2.3881,2.4375,0.020267
m2,Aurelo,2024Q1,revenue,690469.2976,945183.9600,0.269487
m2,Aurelo,2024Q2,actives,24132.7378,28843.0000,0.163307
m2,Aurelo,2024Q2,arpu,32.0561,33.4722,0.042307
m2,Aurelo,2024Q2,churn_rate,0.1935,0.0647,1.990865
m2,Aurelo,2024Q2,gross_adds,2004.5634,2373.0000,0.155262
m2,Aurelo,2024Q2,market_share,2.5831,2.4628,0.048847
m2,Aurelo,2024Q2,revenue,773601.2476,965438.5300,0.198705
m2,Aurelo,2024Q3,actives,23000.4258,29303.0000,0.215083
m2,Aurelo,2024Q3,arpu,33.9106,33.5044,0.012124
m2,Aurelo,2024Q3,churn_rate,0.2573,0.0638,3.031146
m2,Aurelo,2024Q3,gross_adds,2381.3485,2301.0000,0.034919
m2,Aurelo,2024Q3,market_share,2.5416,2.3453,0.083699
m2,Aurelo,2024Q3,revenue,779959.3665,981780.6600,0.205567
m2,Aurelo,2024Q4,actives,24455.5011,29605.0000,0.173940
m2,Aurelo,2024Q4,arpu,32.3927,33.5625,0.034854
m2,Aurelo,2024Q4,churn_rate,0.2255,0.0634,2.554484
m2,Aurelo,2024Q4,gross_adds,1678.6098,2161.0000,0.223225
m2,Aurelo,2024Q4,market_share,2.0715,1.9176,0.080257
m2,Aurelo,2024Q4,revenue,792180.8337,993616.8900,0.202730
m2,Bramblebox,2023Q1,actives,5067.9604,6283.0000,0.193385
m2,Bramblebox,2023Q1,arpu,178.3595,189.8235,0.060393
m2,Bramblebox,2023Q1,churn_rate,0.3828,0.3361,0.139038
m2,Bramblebox,2023Q1,gross_adds,2271.6325,2648.0000,0.142133
m2,Bramblebox,2023Q1,market_share,3.5223,3.5846,0.017380
m2,Bramblebox,2023Q1,revenue,903918.9124,1192661.1900,0.242099
m2,Bramblebox,2023Q2,actives,6403.3829,7168.0000,0.106671
m2,Bramblebox,2023Q2,arpu,173.9644,190.0799,0.084783
m2,Bramblebox,2023Q2,churn_rate,0.3620,0.3422,0.057883
m2,Bramblebox,2023Q2,gross_adds,3598.9327,3035.0000,0.185810
m2,Bramblebox,2023Q2,market_share,4.0575,4.0329,0.006100
m2,Bramblebox,2023Q2,revenue,1113960.9727,1362492.8800,0.182410
m2,Bramblebox,2023Q3,actives,6786.4729,7958.0000,0.147214
m2,Bramblebox,2023Q3,arpu,181.6078,192.1519,0.054874
m2,Bramblebox,2023Q3,churn_rate,0.4150,0.3357,0.236378
m2,Bramblebox,2023Q3,gross_adds,3191.1733,3196.0000,0.001510
m2,Bramblebox,2023Q3,market_share,3.9034,4.0744,0.041969
m2,Bramblebox,2023Q3,revenue,1232476.2475,1529145.1000,0.194010
m2,Bramblebox,2023Q4,actives,8434.7824,8788.0000,0.040193
m2,Bramblebox,2023Q4,arpu,170.6723,193.1858,0.116538
m2,Bramblebox,2023Q4,churn_rate,0.3340,0.3461,0.034869
m2,Bramblebox,2023Q4,gross_adds,3209.9157,3584.0000,0.104376
m2,Bramblebox,2023Q4,market_share,4.1022,3.7164,0.103810
m2,Bramblebox,2023Q4,revenue,1439583.3941,1697717.0000,0.152047
m2,Bramblebox,2024Q1,actives,7893.0840,9677.0000,0.184346
m2,Bramblebox,2024Q1,arpu,174.2946,192.0461,0.092434
m2,Bramblebox,2024Q1,churn_rate,0.4223,0.3292,0.282811
m2,Bramblebox,2024Q1,gross_adds,2323.6757,3782.0000,0.385596
m2,Bramblebox,2024Q1,market_share,4.7582,4.7926,0.007178
m2,Bramblebox,2024Q1,revenue,1375722.2090,1858430.2100,0.259740
m2,Bramblebox,2024Q2,actives,0.0000,10657.0000,1.000000
m2,Bramblebox,2024Q2,arpu,0.0000,191.9601,1.000000
m2,Bramblebox,2024Q2,churn_rate,1.0000,0.3253,2.074019
m2,Bramblebox,2024Q2,gross_adds,2001.0020,4128.0000,0.515261
m2,Bramblebox,2024Q2,market_share,3.2170,5.2186,0.383551
m2,Bramblebox,2024Q2,revenue,963455.3715,2045718.9900,0.529038
m2,Bramblebox,2024Q3,actives,0.0000,11411.0000,1.000000
m2,Bramblebox,2024Q3,arpu,0.0000,193.9121,1.000000
m2,Bramblebox,2024Q3,churn_rate,0.0000,0.3267,1.000000
m2,Bramblebox,2024Q3,gross_adds,0.0000,4236.0000,1.000000
m2,Bramblebox,2024Q3,market_share,0.0000,5.2858,1.000000
m2,Bramblebox,2024Q3,revenue,0.0000,2212731.1500,1.000000
m2,Bramblebox,2024Q4,actives,0.0000,12319.0000,1.000000
m2,Bramblebox,2024Q4,arpu,0.0000,193.8438,1.000000
m2,Bramblebox,2024Q4,churn_rate,0.0000,0.3296,1.000000
m2,Bramblebox,2024Q4,gross_adds,0.0000,4669.0000,1.000000
m2,Bramblebox,2024Q4,market_share,0.0000,4.6085,1.000000
m2,Bramblebox,2024Q4,revenue,0.0000,2387961.9400,1.000000
m2,Glimmerly,2023Q1,actives,36495.6011,36256.0000,0.006609
m2,Glimmerly,2023Q1,arpu,197.7927,256.5808,0.229121
m2,Glimmerly,2023Q1,churn_rate,0.0280,0.0197,0.421248
m2,Glimmerly,2023Q1,gross_adds,876.7340,728.0000,0.204305
m2,Glimmerly,2023Q1,market_share,28.1284,27.9595,0.006041
m2,Glimmerly,2023Q1,revenue,7218562.8529,9302591.8400,0.224027
m2,Glimmerly,2023Q2,actives,35276.4313,36281.0000,0.027689
m2,Glimmerly,2023Q2,arpu,204.2406,232.4506,0.121359
m2,Glimmerly,2023Q2,churn_rate,0.0165,0.0167,0.014455
m2,Glimmerly,2023Q2,gross_adds,7096.3036,632.0000,10.228328
m2,Glimmerly,2023Q2,market_share,26.2430,24.9628,0.051284
m2,Glimmerly,2023Q2,revenue,7204878.6467,8433538.5000,0.145687
m2,Glimmerly,2023Q3,actives,35888.1636,36288.0000,0.011018
m2,Glimmerly,2023Q3,arpu,219.7941,266.8608,0.176372
m2,Glimmerly,2023Q3,churn_rate,0.0220,0.0190,0.156799
m2,Glimmerly,2023Q3,gross_adds,2625.9080,697.0000,2.767443
m2,Glimmerly,2023Q3,market_share,24.9821,25.8024,0.031792
m2,Glimmerly,2023Q3,revenue,7888006.4251,9683844.3300,0.185447
m2,Glimmerly,2023Q4,actives,36366.1379,36384.0000,0.000491
m2,Glimmerly,2023Q4,arpu,251.0761,320.1369,0.215723
m2,Glimmerly,2023Q4,churn_rate,0.0273,0.0201,0.360782
m2,Glimmerly,2023Q4,gross_adds,1504.8530,824.0000,0.826278
m2,Glimmerly,2023Q4,market_share,26.0186,25.4981,0.020413
m2,Glimmerly,2023Q4,revenue,9130668.7601,11647862.1300,0.216108
m2,Glimmerly,2024Q1,actives,36707.3903,36354.0000,0.009721
m2,Glimmerly,2024Q1,arpu,207.0259,265.2146,0.219402
m2,Glimmerly,2024Q1,churn_rate,0.0087,0.0182,0.522555
m2,Glimmerly,2024Q1,gross_adds,1183.2075,633.0000,0.869206
m2,Glimmerly,2024Q1,market_share,26.2837,24.8642,0.057090
m2,Glimmerly,2024Q1,revenue,7599379.2134,9641611.1400,0.211814
m2,Glimmerly,2024Q2,actives,37084.2985,36382.0000,0.019303
m2,Glimmerly,2024Q2,arpu,202.3894,241.5264,0.162040
m2,Glimmerly,2024Q2,churn_rate,0.0176,0.0158,0.110831
m2,Glimmerly,2024Q2,gross_adds,961.9982,604.0000,0.592712
m2,Glimmerly,2024Q2,market_share,25.0607,22.4161,0.117978
m2,Glimmerly,2024Q2,revenue,7505468.5480,8787214.2000,0.145865
m2,Glimmerly,2024Q3,actives,36775.7565,36384.0000,0.010767
m2,Glimmerly,2024Q3,arpu,217.9500,276.2123,0.210933
m2,Glimmerly,2024Q3,churn_rate,0.0232,0.0176,0.316760
m2,Glimmerly,2024Q3,gross_adds,1180.3080,643.0000,0.835627
m2,Glimmerly,2024Q3,market_share,26.1191,24.0071,0.087974
m2,Glimmerly,2024Q3,revenue,8015276.0977,10049708.5300,0.202437
m2,Glimmerly,2024Q4,actives,36066.0887,36444.0000,0.010370
m2,Glimmerly,2024Q4,arpu,277.4050,333.6962,0.168690
m2,Glimmerly,2024Q4,churn_rate,0.0332,0.0207,0.602085
m2,Glimmerly,2024Q4,gross_adds,1209.3998,814.0000,0.485749
m2,Glimmerly,2024Q4,market_share,26.1619,23.4697,0.114710
m2,Glimmerly,2024Q4,revenue,10004912.9761,12161225.0100,0.177310
m2,Pinefort,2023Q1,actives,17708.4900,16544.0000,0.070387
m2,Pinefort,2023Q1,arpu,337.6159,485.2021,0.304175
m2,Pinefort,2023Q1,churn_rate,0.1167,0.0395,1.956301
m2,Pinefort,2023Q1,gross_adds,2494.9906,1774.0000,0.406421
m2,Pinefort,2023Q1,market_share,23.2969,24.1262,0.034373
m2,Pinefort,2023Q1,revenue,5978668.1875,8027183.8400,0.255197
m2,Pinefort,2023Q2,actives,19461.4942,17725.0000,0.097969
m2,Pinefort,2023Q2,arpu,355.5850,485.3506,0.267365
m2,Pinefort,2023Q2,churn_rate,0.0816,0.0407,1.002946
m2,Pinefort,2023Q2,gross_adds,5334.0629,1855.0000,1.875506
m2,Pinefort,2023Q2,market_share,25.2061,25.4639,0.010124
m2,Pinefort,2023Q2,revenue,6920216.3518,8602840.2300,0.195589
m2,Pinefort,2023Q3,actives,19407.4659,18828.0000,0.030777
m2,Pinefort,2023Q3,arpu,357.2301,485.4255,0.264089
m2,Pinefort,2023Q3,churn_rate,0.1022,0.0378,1.703704
m2,Pinefort,2023Q3,gross_adds,1739.9003,1773.0000,0.018669
m2,Pinefort,2023Q3,market_share,21.9573,24.3522,0.098344
m2,Pinefort,2023Q3,revenue,6932931.3333,9139590.7700,0.241440
m2,Pinefort,2023Q4,actives,20643.9103,19887.0000,0.038061
m2,Pinefort,2023Q4,arpu,353.6361,485.0985,0.271001
m2,Pinefort,2023Q4,churn_rate,0.0788,0.0371,1.122502
m2,Pinefort,2023Q4,gross_adds,1513.4680,1758.0000,0.139097
m2,Pinefort,2023Q4,market_share,20.8032,21.1184,0.014925
m2,Pinefort,2023Q4,revenue,7300432.1414,9647154.7200,0.243255
m2,Pinefort,2024Q1,actives,21919.0438,20971.0000,0.045207
m2,Pinefort,2024Q1,arpu,335.4844,486.5652,0.310505
m2,Pinefort,2024Q1,churn_rate,0.0983,0.0355,1.768936
m2,Pinefort,2024Q1,gross_adds,2030.3749,1790.0000,0.134288
m2,Pinefort,2024Q1,market_share,25.4333,26.3139,0.033465
m2,Pinefort,2024Q1,revenue,7353496.4350,10203757.9800,0.279334
m2,Pinefort,2024Q2,actives,22938.8132,21995.0000,0.042910
m2,Pinefort,2024Q2,arpu,358.8784,487.4823,0.263812
m2,Pinefort,2024Q2,churn_rate,0.1128,0.0378,1.986814
m2,Pinefort,2024Q2,gross_adds,1864.7696,1816.0000,0.026856
m2,Pinefort,2024Q2,market_share,27.4874,27.3521,0.004947
m2,Pinefort,2024Q2,revenue,8232245.1815,10722172.7000,0.232222
m2,Pinefort,2024Q3,actives,24827.0857,22993.0000,0.079767
m2,Pinefort,2024Q3,arpu,354.9703,485.0174,0.268129
m2,Pinefort,2024Q3,churn_rate,0.0846,0.0365,1.320160
m2,Pinefort,2024Q3,gross_adds,2080.1910,1800.0000,0.155662
m2,Pinefort,2024Q3,market_share,28.7183,26.6403,0.078002
m2,Pinefort,2024Q3,revenue,8812878.7834,11152005.0100,0.209749
m2,Pinefort,2024Q4,actives,25938.2830,23926.0000,0.084104
m2,Pinefort,2024Q4,arpu,348.6590,485.1044,0.281270
m2,Pinefort,2024Q4,churn_rate,0.0640,0.0366,0.747679
m2,Pinefort,2024Q4,gross_adds,1478.8308,1775.0000,0.166856
m2,Pinefort,2024Q4,market_share,23.6482,22.3994,0.055751
m2,Pinefort,2024Q4,revenue,9043616.8031,11606608.2900,0.220822
m2,Streambird,2023Q1,actives,28760.7562,33121.0000,0.131646
m2,Streambird,2023Q1,arpu,35.1385,36.1930,0.029135
m2,Streambird,2023Q1,churn_rate,0.2241,0.0888,1.524843
m2,Streambird,2023Q1,gross_adds,4563.5183,4898.0000,0.068289
m2,Streambird,2023Q1,market_share,3.9380,3.6029,0.093008
m2,Streambird,2023Q1,revenue,1010609.0135,1198748.2100,0.156946
m2,Streambird,2023Q2,actives,30618.6193,35217.0000,0.130573
m2,Streambird,2023Q2,arpu,35.0130,36.1862,0.032421
m2,Streambird,2023Q2,churn_rate,0.2397,0.0828,1.895382
m2,Streambird,2023Q2,gross_adds,9982.1725,4838.0000,1.063285
m2,Streambird,2023Q2,market_share,3.9048,3.7721,0.035179
m2,Streambird,2023Q2,revenue,1072049.8985,1274369.1400,0.158760
m2,Streambird,2023Q3,actives,30617.7713,37363.0000,0.180532
m2,Streambird,2023Q3,arpu,35.7541,36.2145,0.012713
m2,Streambird,2023Q3,churn_rate,0.2300,0.0807,1.850062
m2,Streambird,2023Q3,gross_adds,3532.1015,4988.0000,0.291880
m2,Streambird,2023Q3,market_share,3.4671,3.6053,0.038332
m2,Streambird,2023Q3,revenue,1094709.7787,1353083.4900,0.190952
m2,Streambird,2023Q4,actives,32299.1293,39232.0000,0.176715
m2,Streambird,2023Q4,arpu,35.7398,36.3606,0.017073
m2,Streambird,2023Q4,churn_rate,0.2382,0.0826,1.883009
m2,Streambird,2023Q4,gross_adds,4804.5865,4956.0000,0.030552
m2,Streambird,2023Q4,market_share,3.2895,3.1227,0.053415
m2,Streambird,2023Q4,revenue,1154364.8875,1426498.2600,0.190770
m2,Streambird,2024Q1,actives,33028.1113,40985.0000,0.194141
m2,Streambird,2024Q1,arpu,33.7310,36.3904,0.073080
m2,Streambird,2024Q1,churn_rate,0.2482,0.0825,2.009068
m2,Streambird,2024Q1,gross_adds,3625.3514,4989.0000,0.273331
m2,Streambird,2024Q1,market_share,3.8532,3.8462,0.001820
m2,Streambird,2024Q1,revenue,1114071.5188,1491460.0800,0.253033
m2,Streambird,2024Q2,actives,34831.7868,42567.0000,0.181719
m2,Streambird,2024Q2,arpu,35.4965,36.4863,0.027128
m2,Streambird,2024Q2,churn_rate,0.2391,0.0817,1.926991
m2,Streambird,2024Q2,gross_adds,3670.5088,4930.0000,0.255475
m2,Streambird,2024Q2,market_share,4.1283,3.9620,0.041974
m2,Streambird,2024Q2,revenue,1236404.9787,1553112.6600,0.203918
m2,Streambird,2024Q3,actives,34663.6185,42864.0000,0.191312
m2,Streambird,2024Q3,arpu,42.5020,43.1574,0.015186
m2,Streambird,2024Q3,churn_rate,0.2488,0.1131,1.199512
m2,Streambird,2024Q3,gross_adds,3320.4047,5112.0000,0.350469
m2,Streambird,2024Q3,market_share,4.8009,4.4191,0.086398
m2,Streambird,2024Q3,revenue,1473274.4586,1849897.7000,0.203591
m2,Streambird,2024Q4,actives,36120.4993,44668.0000,0.191356
m2,Streambird,2024Q4,arpu,41.7462,42.5209,0.018219
m2,Streambird,2024Q4,churn_rate,0.2412,0.0824,1.928002
m2,Streambird,2024Q4,gross_adds,4293.1459,5335.0000,0.195287
m2,Streambird,2024Q4,market_share,3.9430,3.6655,0.075706
m2,Streambird,2024Q4,revenue,1507892.2506,1899324.3700,0.206090
m2,Vantry,2023Q1,actives,75803.9662,70651.0000,0.072936
m2,Vantry,2023Q1,arpu,130.1879,180.1848,0.277476
m2,Vantry,2023Q1,churn_rate,0.0092,0.0127,0.276274
m2,Vantry,2023Q1,gross_adds,2173.6871,1139.0000,0.908417
m2,Vantry,2023Q1,market_share,38.4553,38.2615,0.005065
m2,Vantry,2023Q1,revenue,9868759.4901,12730236.9500,0.224778
m2,Vantry,2023Q2,actives,73149.7133,70771.0000,0.033611
m2,Vantry,2023Q2,arpu,142.5162,187.2627,0.238950
m2,Vantry,2023Q2,churn_rate,0.0185,0.0138,0.340580
m2,Vantry,2023Q2,gross_adds,12487.7235,1095.0000,10.404314
m2,Vantry,2023Q2,market_share,37.9720,39.2275,0.032006
m2,Vantry,2023Q2,revenue,10425015.6226,13252771.2000,0.213371
m2,Vantry,2023Q3,actives,73123.5367,71132.0000,0.027998
m2,Vantry,2023Q3,arpu,187.4620,209.9211,0.106988
m2,Vantry,2023Q3,churn_rate,0.0147,0.0123,0.193085
m2,Vantry,2023Q3,gross_adds,3382.4335,1233.0000,1.743255
m2,Vantry,2023Q3,market_share,43.4142,39.7862,0.091187
m2,Vantry,2023Q3,revenue,13707886.6880,14932104.3900,0.081986
m2,Vantry,2023Q4,actives,75272.0209,71407.0000,0.054127
m2,Vantry,2023Q4,arpu,203.8606,284.8344,0.284284
m2,Vantry,2023Q4,churn_rate,0.0158,0.0165,0.041029
m2,Vantry,2023Q4,gross_adds,3346.9193,1447.0000,1.313006
m2,Vantry,2023Q4,market_share,43.7268,44.5240,0.017905
m2,Vantry,2023Q4,revenue,15345000.8749,20339170.2300,0.245544
m2,Vantry,2024Q1,actives,75680.4949,71553.0000,0.057684
m2,Vantry,2024Q1,arpu,142.4378,204.5564,0.303675
m2,Vantry,2024Q1,churn_rate,0.0165,0.0119,0.387721
m2,Vantry,2024Q1,gross_adds,1650.5529,995.0000,0.658847
m2,Vantry,2024Q1,market_share,37.2836,37.7456,0.012240
m2,Vantry,2024Q1,revenue,10779760.8675,14636626.0500,0.263508
m2,Vantry,2024Q2,actives,74872.3958,71723.0000,0.043911
m2,Vantry,2024Q2,arpu,150.0949,210.9065,0.288334
m2,Vantry,2024Q2,churn_rate,0.0149,0.0114,0.311389
m2,Vantry,2024Q2,gross_adds,1520.2615,983.0000,0.546553
m2,Vantry,2024Q2,market_share,37.5235,38.5884,0.027596
m2,Vantry,2024Q2,revenue,11237961.9577,15126846.6000,0.257085
m2,Vantry,2024Q3,actives,74704.6258,71742.0000,0.041296
m2,Vantry,2024Q3,arpu,155.3582,217.6595,0.286233
m2,Vantry,2024Q3,churn_rate,0.0164,0.0130,0.266116
m2,Vantry,2024Q3,gross_adds,1613.0303,948.0000,0.701509
m2,Vantry,2024Q3,market_share,37.8200,37.3024,0.013876
m2,Vantry,2024Q3,revenue,11605973.5574,15615324.3800,0.256757
m2,Vantry,2024Q4,actives,74900.4452,71944.0000,0.041094
m2,Vantry,2024Q4,arpu,225.5494,316.4679,0.287291
m2,Vantry,2024Q4,churn_rate,0.0202,0.0160,0.262342
m2,Vantry,2024Q4,gross_adds,2450.5954,1350.0000,0.815256
m2,Vantry,2024Q4,market_share,44.1755,43.9394,0.005373
m2,Vantry,2024Q4,revenue,16893751.1848,22767963.0300,0.258003
m3,Aurelo,2023Q1,actives,23511.3164,24668.0000,0.046890
m3,Aurelo,2023Q1,arpu,29.0247,33.2520,0.127129
m3,Aurelo,2023Q1,churn_rate,0.1689,0.0732,1.308796
m3,Aurelo,2023Q1,gross_adds,5751.1722,2927.0000,0.964869
m3,Aurelo,2023Q1,market_share,2.6591,2.4653,0.078611
m3,Aurelo,2023Q1,revenue,682409.8274,820260.6300,0.168057
m3,Aurelo,2023Q2,actives,24971.4117,25793.0000,0.031853
m3,Aurelo,2023Q2,arpu,28.7685,33.2810,0.135588
m3,Aurelo,2023Q2,churn_rate,0.2266,0.0703,2.225485
m3,Aurelo,2023Q2,gross_adds,5376.3806,2858.0000,0.881169
m3,Aurelo,2023Q2,market_share,2.6167,2.5409,0.029832
m3,Aurelo,2023Q2,revenue,718389.5748,858417.9100,0.163124
m3,Aurelo,2023Q3,actives,24781.1385,26827.0000,0.076261
m3,Aurelo,2023Q3,arpu,28.9994,33.2895,0.128872
m3,Aurelo,2023Q3,churn_rate,0.1778,0.0677,1.626564
m3,Aurelo,2023Q3,gross_adds,4869.2915,2780.0000,0.751544
m3,Aurelo,2023Q3,market_share,2.5063,2.3795,0.053289
m3,Aurelo,2023Q3,revenue,718637.4114,893058.3900,0.195307
m3,Aurelo,2023Q4,actives,24897.6376,27592.0000,0.097650
m3,Aurelo,2023Q4,arpu,29.0314,33.4508,0.132116
m3,Aurelo,2023Q4,churn_rate,0.2193,0.0691,2.171504
m3,Aurelo,2023Q4,gross_adds,4668.6997,2620.0000,0.781946
m3,Aurelo,2023Q4,market_share,2.0597,2.0205,0.019401
m3,Aurelo,2023Q4,revenue,722813.6074,922973.1700,0.216864
m3,Aurelo,2024Q1,actives,24999.4250,28301.0000,0.116659
m3,Aurelo,2024Q1,arpu,29.1643,33.3975,0.126752
m3,Aurelo,2024Q1,churn_rate,0.1905,0.0655,1.907243
m3,Aurelo,2024Q1,gross_adds,5870.4257,2517.0000,1.332311
m3,Aurelo,2024Q1,market_share,2.3957,2.4375,0.017149
m3,Aurelo,2024Q1,revenue,729089.5021,945183.9600,0.228627
m3,Aurelo,2024Q2,actives,27112.6635,28843.0000,0.059992
m3,Aurelo,2024Q2,arpu,28.5328,33.4722,0.147567
m3,Aurelo,2024Q2,churn_rate,0.1579,0.0647,1.440608
m3,Aurelo,2024Q2,gross_adds,5780.7594,2373.0000,1.436055
m3,Aurelo,2024Q2,market_share,2.5250,2.4628,0.025256
m3,Aurelo,2024Q2,revenue,773601.2476,965438.5300,0.198705
m3,Aurelo,2024Q3,actives,26947.5044,29303.0000,0.080384
m3,Aurelo,2024Q3,arpu,28.9437,33.5044,0.136122
m3,Aurelo,2024Q3,churn_rate,0.1812,0.0638,1.838879
m3,Aurelo,2024Q3,gross_adds,5272.9025,2301.0000,1.291570
m3,Aurelo,2024Q3,market_share,2.4054,2.3453,0.025626
m3,Aurelo,2024Q3,revenue,779959.3665,981780.6600,0.205567
m3,Aurelo,2024Q4,actives,24455.5011,29605.0000,0.173940
m3,Aurelo,2024Q4,arpu,32.3927,33.5625,0.034854
m3,Aurelo,2024Q4,churn_rate,0.2168,0.0634,2.417348
m3,Aurelo,2024Q4,gross_adds,4896.8417,2161.0000,1.266007
m3,Aurelo,2024Q4,market_share,1.9727,1.9176,0.028734
m3,Aurelo,2024Q4,revenue,792180.8337,993616.8900,0.202730
m3,Bramblebox,2023Q1,actives,5853.9782,6283.0000,0.068283
m3,Bramblebox,2023Q1,arpu,154.4110,189.8235,0.186555
m3,Bramblebox,2023Q1,churn_rate,0.4386,0.3361,0.305074
m3,Bramblebox,2023Q1,gross_adds,3061.4310,2648.0000,0.156130
m3,Bramblebox,2023Q1,market_share,3.5223,3.5846,0.017380
m3,Bramblebox,2023Q1,revenue,903918.9124,1192661.1900,0.242099
m3,Bramblebox,2023Q2,actives,6903.0007,7168.0000,0.036970
m3,Bramblebox,2023Q2,arpu,161.3734,190.0799,0.151023
m3,Bramblebox,2023Q2,churn_rate,0.5379,0.3422,0.571920
m3,Bramblebox,2023Q2,gross_adds,3438.7913,3035.0000,0.133045
m3,Bramblebox,2023Q2,market_share,4.0575,4.0329,0.006100
m3,Bramblebox,2023Q2,revenue,1113960.9727,1362492.8800,0.182410
m3,Bramblebox,2023Q3,actives,7752.7697,7958.0000,0.025789
m3,Bramblebox,2023Q3,arpu,158.9724,192.1519,0.172673
m3,Bramblebox,2023Q3,churn_rate,0.4178,0.3357,0.244719
m3,Bramblebox,2023Q3,gross_adds,3908.7151,3196.0000,0.223002
m3,Bramblebox,2023Q3,market_share,4.2984,4.0744,0.054977
m3,Bramblebox,2023Q3,revenue,1232476.2475,1529145.1000,0.194010
m3,Bramblebox,2023Q4,actives,9319.7682,8788.0000,0.060511
m3,Bramblebox,2023Q4,arpu,154.4656,193.1858,0.200430
m3,Bramblebox,2023Q4,churn_rate,0.4274,0.3461,0.235021
m3,Bramblebox,2023Q4,gross_adds,4431.9968,3584.0000,0.236606
m3,Bramblebox,2023Q4,market_share,4.1022,3.7164,0.103810
m3,Bramblebox,2023Q4,revenue,1439583.3941,1697717.0000,0.152047
m3,Bramblebox,2024Q1,actives,8741.4185,9677.0000,0.096681
m3,Bramblebox,2024Q1,arpu,167.2911,192.0461,0.128901
m3,Bramblebox,2024Q1,churn_rate,0.3875,0.3292,0.177100
m3,Bramblebox,2024Q1,gross_adds,3467.7233,3782.0000,0.083098
m3,Bramblebox,2024Q1,market_share,4.8052,4.7926,0.002629
m3,Bramblebox,2024Q1,revenue,1462361.9430,1858430.2100,0.213120
m3,Bramblebox,2024Q2,actives,10526.3293,10657.0000,0.012261
m3,Bramblebox,2024Q2,arpu,156.8908,191.9601,0.182691
m3,Bramblebox,2024Q2,churn_rate,0.4290,0.3253,0.318754
m3,Bramblebox,2024Q2,gross_adds,5038.1742,4128.0000,0.220488
m3,Bramblebox,2024Q2,market_share,5.3905,5.2186,0.032940
m3,Bramblebox,2024Q2,revenue,1651484.6923,2045718.9900,0.192712
m3,Bramblebox,2024Q3,actives,11335.1497,11411.0000,0.006647
m3,Bramblebox,2024Q3,arpu,153.2746,193.9121,0.209567
m3,Bramblebox,2024Q3,churn_rate,0.3219,0.3267,0.014795
m3,Bramblebox,2024Q3,gross_adds,4448.2877,4236.0000,0.050115
m3,Bramblebox,2024Q3,market_share,5.3582,5.2858,0.013697
m3,Bramblebox,2024Q3,revenue,1737390.8879,2212731.1500,0.214821
m3,Bramblebox,2024Q4,actives,10476.0936,12319.0000,0.149599
m3,Bramblebox,2024Q4,arpu,182.8623,193.8438,0.056651
m3,Bramblebox,2024Q4,churn_rate,0.4314,0.3296,0.308883
m3,Bramblebox,2024Q4,gross_adds,5167.9101,4669.0000,0.106856
m3,Bramblebox,2024Q4,market_share,4.7704,4.6085,0.035131
m3,Bramblebox,2024Q4,revenue,1915682.4670,2387961.9400,0.197775
m3,Glimmerly,2023Q1,actives,36495.6011,36256.0000,0.006609
m3,Glimmerly,2023Q1,arpu,197.7927,256.5808,0.229121
m3,Glimmerly,2023Q1,churn_rate,0.0280,0.0197,0.421248
m3,Glimmerly,2023Q1,gross_adds,876.7340,728.0000,0.204305
m3,Glimmerly,2023Q1,market_share,28.1284,27.9595,0.006041
m3,Glimmerly,2023Q1,revenue,7218562.8529,9302591.8400,0.224027
m3,Glimmerly,2023Q2,actives,35276.4313,36281.0000,0.027689
m3,Glimmerly,2023Q2,arpu,204.2406,232.4506,0.121359
m3,Glimmerly,2023Q2,churn_rate,0.0165,0.0167,0.014455
m3,Glimmerly,2023Q2,gross_adds,7096.3036,632.0000,10.228328
m3,Glimmerly,2023Q2,market_share,26.2430,24.9628,0.051284
m3,Glimmerly,2023Q2,revenue,7204878.6467,8433538.5000,0.145687
m3,Glimmerly,2023Q3,actives,35888.1636,36288.0000,0.011018
m3,Glimmerly,2023Q3,arpu,216.5670,266.8608,0.188465
m3,Glimmerly,2023Q3,churn_rate,0.0220,0.0190,0.156799
m3,Glimmerly,2023Q3,gross_adds,2625.9080,697.0000,2.767443
m3,Glimmerly,2023Q3,market_share,27.1066,25.8024,0.050546
m3,Glimmerly,2023Q3,revenue,7772192.1349,9683844.3300,0.197406
m3,Glimmerly,2023Q4,actives,36366.1379,36384.0000,0.000491
m3,Glimmerly,2023Q4,arpu,251.0761,320.1369,0.215723
m3,Glimmerly,2023Q4,churn_rate,0.0273,0.0201,0.360782
m3,Glimmerly,2023Q4,gross_adds,1504.8530,824.0000,0.826278
m3,Glimmerly,2023Q4,market_share,26.0186,25.4981,0.020413
m3,Glimmerly,2023Q4,revenue,9130668.7601,11647862.1300,0.216108
m3,Glimmerly,2024Q1,actives,36707.3903,36354.0000,0.009721
m3,Glimmerly,2024Q1,arpu,215.8587,265.2146,0.186098
m3,Glimmerly,2024Q1,churn_rate,0.0087,0.0182,0.522555
m3,Glimmerly,2024Q1,gross_adds,1183.2075,633.0000,0.869206
m3,Glimmerly,2024Q1,market_share,26.0364,24.8642,0.047144
m3,Glimmerly,2024Q1,revenue,7923610.6652,9641611.1400,0.178186
m3,Glimmerly,2024Q2,actives,37084.2985,36382.0000,0.019303
m3,Glimmerly,2024Q2,arpu,202.3894,241.5264,0.162040
m3,Glimmerly,2024Q2,churn_rate,0.0176,0.0158,0.110831
m3,Glimmerly,2024Q2,gross_adds,961.9982,604.0000,0.592712
m3,Glimmerly,2024Q2,market_share,24.4979,22.4161,0.092871
m3,Glimmerly,2024Q2,revenue,7505468.5480,8787214.2000,0.145865
m3,Glimmerly,2024Q3,actives,36775.7565,36384.0000,0.010767
m3,Glimmerly,2024Q3,arpu,217.9500,276.2123,0.210933
m3,Glimmerly,2024Q3,churn_rate,0.0232,0.0176,0.316760
m3,Glimmerly,2024Q3,gross_adds,1180.3080,643.0000,0.835627
m3,Glimmerly,2024Q3,market_share,24.7196,24.0071,0.029679
m3,Glimmerly,2024Q3,revenue,8015276.0977,10049708.5300,0.202437
m3,Glimmerly,2024Q4,actives,36066.0887,36444.0000,0.010370
m3,Glimmerly,2024Q4,arpu,277.4050,333.6962,0.168690
m3,Glimmerly,2024Q4,churn_rate,0.0332,0.0207,0.602085
m3,Glimmerly,2024Q4,gross_adds,1209.3998,814.0000,0.485749
m3,Glimmerly,2024Q4,market_share,24.9138,23.4697,0.061530
m3,Glimmerly,2024Q4,revenue,10004912.9761,12161225.0100,0.177310
m3,Pinefort,2023Q1,actives,18581.1679,16544.0000,0.123136
m3,Pinefort,2023Q1,arpu,321.7595,485.2021,0.336855
m3,Pinefort,2023Q1,churn_rate,0.0700,0.0395,0.773274
m3,Pinefort,2023Q1,gross_adds,3032.3945,1774.0000,0.709354
m3,Pinefort,2023Q1,market_share,23.2969,24.1262,0.034373
m3,Pinefort,2023Q1,revenue,5978668.1875,8027183.8400,0.255197
m3,Pinefort,2023Q2,actives,20325.3940,17725.0000,0.146708
m3,Pinefort,2023Q2,arpu,340.4714,485.3506,0.298504
m3,Pinefort,2023Q2,churn_rate,0.0919,0.0407,1.255768
m3,Pinefort,2023Q2,gross_adds,3045.3012,1855.0000,0.641672
m3,Pinefort,2023Q2,market_share,25.2061,25.4639,0.010124
m3,Pinefort,2023Q2,revenue,6920216.3518,8602840.2300,0.195589
m3,Pinefort,2023Q3,actives,20345.1140,18828.0000,0.080578
m3,Pinefort,2023Q3,arpu,334.6046,485.4255,0.310698
m3,Pinefort,2023Q3,churn_rate,0.0865,0.0378,1.288360
m3,Pinefort,2023Q3,gross_adds,2417.9980,1773.0000,0.363789
m3,Pinefort,2023Q3,market_share,23.7423,24.3522,0.025045
m3,Pinefort,2023Q3,revenue,6807569.4938,9139590.7700,0.255156
m3,Pinefort,2023Q4,actives,21896.1371,19887.0000,0.101028
m3,Pinefort,2023Q4,arpu,333.4119,485.0985,0.312692
m3,Pinefort,2023Q4,churn_rate,0.0737,0.0371,0.985132
m3,Pinefort,2023Q4,gross_adds,2680.7282,1758.0000,0.524874
m3,Pinefort,2023Q4,market_share,20.8032,21.1184,0.014925
m3,Pinefort,2023Q4,revenue,7300432.1414,9647154.7200,0.243255
m3,Pinefort,2024Q1,actives,23231.2971,20971.0000,0.107782
m3,Pinefort,2024Q1,arpu,338.6195,486.5652,0.304061
m3,Pinefort,2024Q1,churn_rate,0.0799,0.0355,1.250641
m3,Pinefort,2024Q1,gross_adds,3020.7961,1790.0000,0.687596
m3,Pinefort,2024Q1,market_share,25.8490,26.3139,0.017667
m3,Pinefort,2024Q1,revenue,7866569.9467,10203757.9800,0.229052
m3,Pinefort,2024Q2,actives,24147.4566,21995.0000,0.097861
m3,Pinefort,2024Q2,arpu,340.9156,487.4823,0.300661
m3,Pinefort,2024Q2,churn_rate,0.0763,0.0378,1.020336
m3,Pinefort,2024Q2,gross_adds,3020.8017,1816.0000,0.663437
m3,Pinefort,2024Q2,market_share,26.8701,27.3521,0.017622
m3,Pinefort,2024Q2,revenue,8232245.1815,10722172.7000,0.232222
m3,Pinefort,2024Q3,actives,26140.3180,22993.0000,0.136882
m3,Pinefort,2024Q3,arpu,337.1374,485.0174,0.304896
m3,Pinefort,2024Q3,churn_rate,0.0656,0.0365,0.799084
m3,Pinefort,2024Q3,gross_adds,3530.5620,1800.0000,0.961423
m3,Pinefort,2024Q3,market_share,27.1795,26.6403,0.020240
m3,Pinefort,2024Q3,revenue,8812878.7834,11152005.0100,0.209749
m3,Pinefort,2024Q4,actives,25938.2830,23926.0000,0.084104
m3,Pinefort,2024Q4,arpu,348.6590,485.1044,0.281270
m3,Pinefort,2024Q4,churn_rate,0.0773,0.0366,1.110868
m3,Pinefort,2024Q4,gross_adds,2691.0336,1775.0000,0.516075
m3,Pinefort,2024Q4,market_share,22.5201,22.3994,0.005389
m3,Pinefort,2024Q4,revenue,9043616.8031,11606608.2900,0.220822
m3,Streambird,2023Q1,actives,32369.8196,33121.0000,0.022680
m3,Streambird,2023Q1,arpu,31.2207,36.1930,0.137383
m3,Streambird,2023Q1,churn_rate,0.2120,0.0888,1.388517
m3,Streambird,2023Q1,gross_adds,8167.3550,4898.0000,0.667488
m3,Streambird,2023Q1,market_share,3.9380,3.6029,0.093008
m3,Streambird,2023Q1,revenue,1010609.0135,1198748.2100,0.156946
m3,Streambird,2023Q2,actives,34609.2148,35217.0000,0.017258
m3,Streambird,2023Q2,arpu,30.9759,36.1862,0.143986
m3,Streambird,2023Q2,churn_rate,0.2013,0.0828,1.431541
m3,Streambird,2023Q2,gross_adds,8104.2555,4838.0000,0.675125
m3,Streambird,2023Q2,market_share,3.9048,3.7721,0.035179
m3,Streambird,2023Q2,revenue,1072049.8985,1274369.1400,0.158760
m3,Streambird,2023Q3,actives,34455.1874,37363.0000,0.077826
m3,Streambird,2023Q3,arpu,31.7720,36.2145,0.122672
m3,Streambird,2023Q3,churn_rate,0.1752,0.0807,1.171004
m3,Streambird,2023Q3,gross_adds,6709.0326,4988.0000,0.345035
m3,Streambird,2023Q3,market_share,3.8180,3.6053,0.058996
m3,Streambird,2023Q3,revenue,1094709.7787,1353083.4900,0.190952
m3,Streambird,2023Q4,actives,36847.1038,39232.0000,0.060790
m3,Streambird,2023Q4,arpu,31.3285,36.3606,0.138394
m3,Streambird,2023Q4,churn_rate,0.2161,0.0826,1.615526
m3,Streambird,2023Q4,gross_adds,9143.8643,4956.0000,0.845009
m3,Streambird,2023Q4,market_share,3.2895,3.1227,0.053415
m3,Streambird,2023Q4,revenue,1154364.8875,1426498.2600,0.190770
m3,Streambird,2024Q1,actives,36958.3501,40985.0000,0.098247
m3,Streambird,2024Q1,arpu,31.7841,36.3904,0.126580
m3,Streambird,2024Q1,churn_rate,0.1937,0.0825,1.348334
m3,Streambird,2024Q1,gross_adds,8147.5394,4989.0000,0.633101
m3,Streambird,2024Q1,market_share,3.8599,3.8462,0.003562
m3,Streambird,2024Q1,revenue,1174689.4559,1491460.0800,0.212390
m3,Streambird,2024Q2,actives,39234.6463,42567.0000,0.078285
m3,Streambird,2024Q2,arpu,31.5131,36.4863,0.136303
m3,Streambird,2024Q2,churn_rate,0.1914,0.0817,1.343061
m3,Streambird,2024Q2,gross_adds,9411.9010,4930.0000,0.909108
m3,Streambird,2024Q2,market_share,4.0356,3.9620,0.018576
m3,Streambird,2024Q2,revenue,1236404.9787,1553112.6600,0.203918
m3,Streambird,2024Q3,actives,39347.0742,42864.0000,0.082048
m3,Streambird,2024Q3,arpu,37.4430,43.1574,0.132408
m3,Streambird,2024Q3,churn_rate,0.1985,0.1131,0.754836
m3,Streambird,2024Q3,gross_adds,7919.5362,5112.0000,0.549205
m3,Streambird,2024Q3,market_share,4.5437,4.4191,0.028196
m3,Streambird,2024Q3,revenue,1473274.4586,1849897.7000,0.203591
m3,Streambird,2024Q4,actives,36120.4993,44668.0000,0.191356
m3,Streambird,2024Q4,arpu,41.7462,42.5209,0.018219
m3,Streambird,2024Q4,churn_rate,0.2568,0.0824,2.117375
m3,Streambird,2024Q4,gross_adds,9576.9542,5335.0000,0.795118
m3,Streambird,2024Q4,market_share,3.7549,3.6655,0.024390
m3,Streambird,2024Q4,revenue,1507892.2506,1899324.3700,0.206090
m3,Vantry,2023Q1,actives,75803.9662,70651.0000,0.072936
m3,Vantry,2023Q1,arpu,130.1879,180.1848,0.277476
m3,Vantry,2023Q1,churn_rate,0.0092,0.0127,0.276274
m3,Vantry,2023Q1,gross_adds,2173.6871,1139.0000,0.908417
m3,Vantry,2023Q1,market_share,38.4553,38.2615,0.005065
m3,Vantry,2023Q1,revenue,9868759.4901,12730236.9500,0.224778
m3,Vantry,2023Q2,actives,73149.7133,70771.0000,0.033611
m3,Vantry,2023Q2,arpu,142.5162,187.2627,0.238950
m3,Vantry,2023Q2,churn_rate,0.0185,0.0138,0.340580
m3,Vantry,2023Q2,gross_adds,12487.7235,1095.0000,10.404314
m3,Vantry,2023Q2,market_share,37.9720,39.2275,0.032006
m3,Vantry,2023Q2,revenue,10425015.6226,13252771.2000,0.213371
m3,Vantry,2023Q3,actives,73123.5367,71132.0000,0.027998
m3,Vantry,2023Q3,arpu,151.0745,209.9211,0.280327
m3,Vantry,2023Q3,churn_rate,0.0147,0.0123,0.193085
m3,Vantry,2023Q3,gross_adds,3382.4335,1233.0000,1.743255
m3,Vantry,2023Q3,market_share,38.5283,39.7862,0.031616
m3,Vantry,2023Q3,revenue,11047104.7212,14932104.3900,0.260178
m3,Vantry,2023Q4,actives,75272.0209,71407.0000,0.054127
m3,Vantry,2023Q4,arpu,203.8606,284.8344,0.284284
m3,Vantry,2023Q4,churn_rate,0.0158,0.0165,0.041029
m3,Vantry,2023Q4,gross_adds,3346.9193,1447.0000,1.313006
m3,Vantry,2023Q4,market_share,43.7268,44.5240,0.017905
m3,Vantry,2023Q4,revenue,15345000.8749,20339170.2300,0.245544
m3,Vantry,2024Q1,actives,75680.4949,71553.0000,0.057684
m3,Vantry,2024Q1,arpu,149.0010,204.5564,0.271590
m3,Vantry,2024Q1,churn_rate,0.0165,0.0119,0.387721
m3,Vantry,2024Q1,gross_adds,1650.5529,995.0000,0.658847
m3,Vantry,2024Q1,market_share,37.0537,37.7456,0.018331
m3,Vantry,2024Q1,revenue,11276469.3103,14636626.0500,0.229572
m3,Vantry,2024Q2,actives,74872.3958,71723.0000,0.043911
m3,Vantry,2024Q2,arpu,150.0949,210.9065,0.288334
m3,Vantry,2024Q2,churn_rate,0.0149,0.0114,0.311389
m3,Vantry,2024Q2,gross_adds,1520.2615,983.0000,0.546553
m3,Vantry,2024Q2,market_share,36.6808,38.5884,0.049435
m3,Vantry,2024Q2,revenue,11237961.9577,15126846.6000,0.257085
m3,Vantry,2024Q3,actives,74704.6258,71742.0000,0.041296
m3,Vantry,2024Q3,arpu,155.3582,217.6595,0.286233
m3,Vantry,2024Q3,churn_rate,0.0164,0.0130,0.266116
m3,Vantry,2024Q3,gross_adds,1613.0303,948.0000,0.701509
m3,Vantry,2024Q3,market_share,35.7936,37.3024,0.040448
m3,Vantry,2024Q3,revenue,11605973.5574,15615324.3800,0.256757
m3,Vantry,2024Q4,actives,74900.4452,71944.0000,0.041094
m3,Vantry,2024Q4,arpu,225.5494,316.4679,0.287291
m3,Vantry,2024Q4,churn_rate,0.0202,0.0160,0.262342
m3,Vantry,2024Q4,gross_adds,2450.5954,1350.0000,0.815256
m3,Vantry,2024Q4,market_share,42.0682,43.9394,0.042586
m3,Vantry,2024Q4,revenue,16893751.1848,22767963.0300,0.258003
m4,Aurelo,2023Q1,actives,24445.5980,24668.0000,0.009016
m4,Aurelo,2023Q1,arpu,33.7580,33.2520,0.015217
m4,Aurelo,2023Q1,churn_rate,0.1689,0.0732,1.308796
m4,Aurelo,2023Q1,gross_adds,5979.7095,2927.0000,1.042948
m4,Aurelo,2023Q1,market_share,2.4771,2.4653,0.004786
m4,Aurelo,2023Q1,revenue,825233.8664,820260.6300,0.006063
m4,Aurelo,2023Q2,actives,26253.3050,25793.0000,0.017846
m4,Aurelo,2023Q2,arpu,32.4019,33.2810,0.026414
m4,Aurelo,2023Q2,churn_rate,0.2266,0.0703,2.225485
m4,Aurelo,2023Q2,gross_adds,5652.3741,2858.0000,0.977738
m4,Aurelo,2023Q2,market_share,2.3925,2.5409,0.058405
m4,Aurelo,2023Q2,revenue,850656.5649,858417.9100,0.009041
m4,Aurelo,2023Q3,actives,26015.0725,26827.0000,0.030265
m4,Aurelo,2023Q3,arpu,33.6659,33.2895,0.011307
m4,Aurelo,2023Q3,churn_rate,0.1778,0.0677,1.626564
m4,Aurelo,2023Q3,gross_adds,5111.7494,2780.0000,0.838759
m4,Aurelo,2023Q3,market_share,2.3901,2.3795,0.004455
m4,Aurelo,2023Q3,revenue,875821.9385,893058.3900,0.019300
m4,Aurelo,2023Q4,actives,26503.5114,27592.0000,0.039449
m4,Aurelo,2023Q4,arpu,33.4151,33.4508,0.001067
m4,Aurelo,2023Q4,churn_rate,0.2193,0.0691,2.171504
m4,Aurelo,2023Q4,gross_adds,4969.8264,2620.0000,0.896880
m4,Aurelo,2023Q4,market_share,1.9720,2.0205,0.024004
m4,Aurelo,2023Q4,revenue,885617.6904,922973.1700,0.040473
m4,Aurelo,2024Q1,actives,27113.6241,28301.0000,0.041955
m4,Aurelo,2024Q1,arpu,33.6153,33.3975,0.006521
m4,Aurelo,2024Q1,churn_rate,0.1905,0.0655,1.907243
m4,Aurelo,2024Q1,gross_adds,6366.8871,2517.0000,1.529554
m4,Aurelo,2024Q1,market_share,2.3425,2.4375,0.038974
m4,Aurelo,2024Q1,revenue,911432.7574,945183.9600,0.035709
m4,Aurelo,2024Q2,actives,30129.7588,28843.0000,0.044613
m4,Aurelo,2024Q2,arpu,31.9393,33.4722,0.045796
m4,Aurelo,2024Q2,churn_rate,0.1579,0.0647,1.440608
m4,Aurelo,2024Q2,gross_adds,6424.0419,2373.0000,1.707139
m4,Aurelo,2024Q2,market_share,2.4320,2.4628,0.012506
m4,Aurelo,2024Q2,revenue,962322.5777,965438.5300,0.003227
m4,Aurelo,2024Q3,actives,29762.5262,29303.0000,0.015682
m4,Aurelo,2024Q3,arpu,32.9450,33.5044,0.016696
m4,Aurelo,2024Q3,churn_rate,0.1812,0.0638,1.838879
m4,Aurelo,2024Q3,gross_adds,5823.7266,2301.0000,1.530955
m4,Aurelo,2024Q3,market_share,2.3601,2.3453,0.006310
m4,Aurelo,2024Q3,revenue,980525.4610,981780.6600,0.001278
m4,Aurelo,2024Q4,actives,26616.7070,29605.0000,0.100939
m4,Aurelo,2024Q4,arpu,37.7828,33.5625,0.125745
m4,Aurelo,2024Q4,churn_rate,0.2168,0.0634,2.417348
m4,Aurelo,2024Q4,gross_adds,5329.5902,2161.0000,1.466261
m4,Aurelo,2024Q4,market_share,1.9523,1.9176,0.018096
m4,Aurelo,2024Q4,revenue,1005653.8157,993616.8900,0.012114
m4,Bramblebox,2023Q1,actives,6066.6982,6283.0000,0.034427
m4,Bramblebox,2023Q1,arpu,203.5690,189.8235,0.072412
m4,Bramblebox,2023Q1,churn_rate,0.4386,0.3361,0.305074
m4,Bramblebox,2023Q1,gross_adds,3172.6763,2648.0000,0.198141
m4,Bramblebox,2023Q1,market_share,3.7071,3.5846,0.034174
m4,Bramblebox,2023Q1,revenue,1234991.4529,1192661.1900,0.035492
m4,Bramblebox,2023Q2,actives,7199.4770,7168.0000,0.004391
m4,Bramblebox,2023Q2,arpu,210.0893,190.0799,0.105268
m4,Bramblebox,2023Q2,churn_rate,0.5379,0.3422,0.571920
m4,Bramblebox,2023Q2,gross_adds,3586.4837,3035.0000,0.181708
m4,Bramblebox,2023Q2,market_share,4.2540,4.0329,0.054824
m4,Bramblebox,2023Q2,revenue,1512532.8166,1362492.8800,0.110122
m4,Bramblebox,2023Q3,actives,7847.4767,7958.0000,0.013888
m4,Bramblebox,2023Q3,arpu,209.2052,192.1519,0.088749
m4,Bramblebox,2023Q3,churn_rate,0.4178,0.3357,0.244719
m4,Bramblebox,2023Q3,gross_adds,3956.4636,3196.0000,0.237942
m4,Bramblebox,2023Q3,market_share,4.4802,4.0744,0.099597
m4,Bramblebox,2023Q3,revenue,1641733.1137,1529145.1000,0.073628
m4,Bramblebox,2023Q4,actives,9539.7334,8788.0000,0.085541
m4,Bramblebox,2023Q4,arpu,191.0915,193.1858,0.010841
m4,Bramblebox,2023Q4,churn_rate,0.4274,0.3461,0.235021
m4,Bramblebox,2023Q4,gross_adds,4536.6008,3584.0000,0.265793
m4,Bramblebox,2023Q4,market_share,4.0591,3.7164,0.092213
m4,Bramblebox,2023Q4,revenue,1822962.2398,1697717.0000,0.073773
m4,Bramblebox,2024Q1,actives,8771.8688,9677.0000,0.093534
m4,Bramblebox,2024Q1,arpu,203.0285,192.0461,0.057186
m4,Bramblebox,2024Q1,churn_rate,0.3875,0.3292,0.177100
m4,Bramblebox,2024Q1,gross_adds,3479.8029,3782.0000,0.079904
m4,Bramblebox,2024Q1,market_share,4.5773,4.7926,0.044923
m4,Bramblebox,2024Q1,revenue,1780939.4777,1858430.2100,0.041697
m4,Bramblebox,2024Q2,actives,10996.1288,10657.0000,0.031822
m4,Bramblebox,2024Q2,arpu,184.9450,191.9601,0.036545
m4,Bramblebox,2024Q2,churn_rate,0.4290,0.3253,0.318754
m4,Bramblebox,2024Q2,gross_adds,5263.0324,4128.0000,0.274959
m4,Bramblebox,2024Q2,market_share,5.1396,5.2186,0.015138
m4,Bramblebox,2024Q2,revenue,2033678.9436,2045718.9900,0.005885
m4,Bramblebox,2024Q3,actives,11890.9805,11411.0000,0.042063
m4,Bramblebox,2024Q3,arpu,179.6258,193.9121,0.073674
m4,Bramblebox,2024Q3,churn_rate,0.3219,0.3267,0.014795
m4,Bramblebox,2024Q3,gross_adds,4666.4141,4236.0000,0.101609
m4,Bramblebox,2024Q3,market_share,5.1412,5.2858,0.027356
m4,Bramblebox,2024Q3,revenue,2135926.4462,2212731.1500,0.034710
m4,Bramblebox,2024Q4,actives,11007.7642,12319.0000,0.106440
m4,Bramblebox,2024Q4,arpu,218.9866,193.8438,0.129706
m4,Bramblebox,2024Q4,churn_rate,0.4314,0.3296,0.308883
m4,Bramblebox,2024Q4,gross_adds,5430.1859,4669.0000,0.163030
m4,Bramblebox,2024Q4,market_share,4.6798,4.6085,0.015471
m4,Bramblebox,2024Q4,revenue,2410552.6830,2387961.9400,0.009460
m4,Glimmerly,2023Q1,actives,37875.9051,36256.0000,0.044680
m4,Glimmerly,2023Q1,arpu,245.1877,256.5808,0.044404
m4,Glimmerly,2023Q1,churn_rate,0.0280,0.0197,0.421248
m4,Glimmerly,2023Q1,gross_adds,909.8930,728.0000,0.249853
m4,Glimmerly,2023Q1,market_share,27.8763,27.9595,0.002976
m4,Glimmerly,2023Q1,revenue,9286707.5785,9302591.8400,0.001708
m4,Glimmerly,2023Q2,actives,35189.2333,36281.0000,0.030092
m4,Glimmerly,2023Q2,arpu,263.8346,232.4506,0.135014
m4,Glimmerly,2023Q2,churn_rate,0.0165,0.0167,0.014455
m4,Glimmerly,2023Q2,gross_adds,7078.7626,632.0000,10.200574
m4,Glimmerly,2023Q2,market_share,26.1114,24.9628,0.046012
m4,Glimmerly,2023Q2,revenue,9284136.6385,8433538.5000,0.100859
m4,Glimmerly,2023Q3,actives,35689.5043,36288.0000,0.016493
m4,Glimmerly,2023Q3,arpu,273.3875,266.8608,0.024457
m4,Glimmerly,2023Q3,churn_rate,0.0220,0.0190,0.156799
m4,Glimmerly,2023Q3,gross_adds,2611.3722,697.0000,2.746589
m4,Glimmerly,2023Q3,market_share,26.6266,25.8024,0.031943
m4,Glimmerly,2023Q3,revenue,9757065.7124,9683844.3300,0.007561
m4,Glimmerly,2023Q4,actives,36484.4286,36384.0000,0.002760
m4,Glimmerly,2023Q4,arpu,308.5788,320.1369,0.036104
m4,Glimmerly,2023Q4,churn_rate,0.0273,0.0201,0.360782
m4,Glimmerly,2023Q4,gross_adds,1509.7480,824.0000,0.832218
m4,Glimmerly,2023Q4,market_share,25.0684,25.4981,0.016852
m4,Glimmerly,2023Q4,revenue,11258320.2227,11647862.1300,0.033443
m4,Glimmerly,2024Q1,actives,36870.4402,36354.0000,0.014206
m4,Glimmerly,2024Q1,arpu,263.7486,265.2146,0.005528
m4,Glimmerly,2024Q1,churn_rate,0.0087,0.0182,0.522555
m4,Glimmerly,2024Q1,gross_adds,1188.4632,633.0000,0.877509
m4,Glimmerly,2024Q1,market_share,24.9937,24.8642,0.005208
m4,Glimmerly,2024Q1,revenue,9724528.1007,9641611.1400,0.008600
m4,Glimmerly,2024Q2,actives,36758.5688,36382.0000,0.010350
m4,Glimmerly,2024Q2,arpu,253.8223,241.5264,0.050909
m4,Glimmerly,2024Q2,churn_rate,0.0176,0.0158,0.110831
m4,Glimmerly,2024Q2,gross_adds,953.5485,604.0000,0.578723
m4,Glimmerly,2024Q2,market_share,23.5796,22.4161,0.051905
m4,Glimmerly,2024Q2,revenue,9330144.7221,8787214.2000,0.061786
m4,Glimmerly,2024Q3,actives,36056.5245,36384.0000,0.009001
m4,Glimmerly,2024Q3,arpu,270.6475,276.2123,0.020147
m4,Glimmerly,2024Q3,churn_rate,0.0232,0.0176,0.316760
m4,Glimmerly,2024Q3,gross_adds,1157.2245,643.0000,0.799727
m4,Glimmerly,2024Q3,market_share,23.4889,24.0071,0.021585
m4,Glimmerly,2024Q3,revenue,9758609.5818,10049708.5300,0.028966
m4,Glimmerly,2024Q4,actives,35228.9595,36444.0000,0.033340
m4,Glimmerly,2024Q4,arpu,343.6832,333.6962,0.029928
m4,Glimmerly,2024Q4,churn_rate,0.0332,0.0207,0.602085
m4,Glimmerly,2024Q4,gross_adds,1181.3284,814.0000,0.451263
m4,Glimmerly,2024Q4,market_share,23.5053,23.4697,0.001517
m4,Glimmerly,2024Q4,revenue,12107602.1685,12161225.0100,0.004409
m4,Pinefort,2023Q1,actives,16224.7111,16544.0000,0.019299
m4,Pinefort,2023Q1,arpu,464.6693,485.2021,0.042318
m4,Pinefort,2023Q1,churn_rate,0.0700,0.0395,0.773274
m4,Pinefort,2023Q1,gross_adds,2647.8273,1774.0000,0.492575
m4,Pinefort,2023Q1,market_share,22.6305,24.1262,0.061995
m4,Pinefort,2023Q1,revenue,7539125.5940,8027183.8400,0.060801
m4,Pinefort,2023Q2,actives,18038.7186,17725.0000,0.017699
m4,Pinefort,2023Q2,arpu,494.7424,485.3506,0.019351
m4,Pinefort,2023Q2,churn_rate,0.0919,0.0407,1.255768
m4,Pinefort,2023Q2,gross_adds,2702.6945,1855.0000,0.456978
m4,Pinefort,2023Q2,market_share,25.1000,25.4639,0.014291
m4,Pinefort,2023Q2,revenue,8924518.1657,8602840.2300,0.037392
m4,Pinefort,2023Q3,actives,18142.6555,18828.0000,0.036400
m4,Pinefort,2023Q3,arpu,479.5194,485.4255,0.012167
m4,Pinefort,2023Q3,churn_rate,0.0865,0.0378,1.288360
m4,Pinefort,2023Q3,gross_adds,2156.2379,1773.0000,0.216152
m4,Pinefort,2023Q3,market_share,23.7413,24.3522,0.025086
m4,Pinefort,2023Q3,revenue,8699754.4538,9139590.7700,0.048124
m4,Pinefort,2023Q4,actives,19952.7064,19887.0000,0.003304
m4,Pinefort,2023Q4,arpu,477.5124,485.0985,0.015638
m4,Pinefort,2023Q4,churn_rate,0.0737,0.0371,0.985132
m4,Pinefort,2023Q4,gross_adds,2442.7954,1758.0000,0.389531
m4,Pinefort,2023Q4,market_share,21.2148,21.1184,0.004565
m4,Pinefort,2023Q4,revenue,9527664.2202,9647154.7200,0.012386
m4,Pinefort,2024Q1,actives,21157.7732,20971.0000,0.008906
m4,Pinefort,2024Q1,arpu,482.4278,486.5652,0.008503
m4,Pinefort,2024Q1,churn_rate,0.0799,0.0355,1.250641
m4,Pinefort,2024Q1,gross_adds,2751.1731,1790.0000,0.536968
m4,Pinefort,2024Q1,market_share,26.2340,26.3139,0.003036
m4,Pinefort,2024Q1,revenue,10207098.9759,10203757.9800,0.000327
m4,Pinefort,2024Q2,actives,22143.1123,21995.0000,0.006734
m4,Pinefort,2024Q2,arpu,489.2624,487.4823,0.003652
m4,Pinefort,2024Q2,churn_rate,0.0763,0.0378,1.020336
m4,Pinefort,2024Q2,gross_adds,2770.0620,1816.0000,0.525365
m4,Pinefort,2024Q2,market_share,27.3797,27.3521,0.001009
m4,Pinefort,2024Q2,revenue,10833793.2190,10722172.7000,0.010410
m4,Pinefort,2024Q3,actives,23773.7343,22993.0000,0.033955
m4,Pinefort,2024Q3,arpu,483.3051,485.0174,0.003530
m4,Pinefort,2024Q3,churn_rate,0.0656,0.0365,0.799084
m4,Pinefort,2024Q3,gross_adds,3210.9267,1800.0000,0.783848
m4,Pinefort,2024Q3,market_share,27.6563,26.6403,0.038138
m4,Pinefort,2024Q3,revenue,11489966.6008,11152005.0100,0.030305
m4,Pinefort,2024Q4,actives,23297.6753,23926.0000,0.026261
m4,Pinefort,2024Q4,arpu,500.3682,485.1044,0.031465
m4,Pinefort,2024Q4,churn_rate,0.0773,0.0366,1.110868
m4,Pinefort,2024Q4,gross_adds,2417.0770,1775.0000,0.361734
m4,Pinefort,2024Q4,market_share,22.6313,22.3994,0.010353
m4,Pinefort,2024Q4,revenue,11657416.3791,11606608.2900,0.004378
m4,Streambird,2023Q1,actives,34992.7083,33121.0000,0.056511
m4,Streambird,2023Q1,arpu,35.7131,36.1930,0.013259
m4,Streambird,2023Q1,churn_rate,0.2120,0.0888,1.388517
m4,Streambird,2023Q1,gross_adds,8829.1462,4898.0000,0.802602
m4,Streambird,2023Q1,market_share,3.7513,3.6029,0.041189
m4,Streambird,2023Q1,revenue,1249698.5406,1198748.2100,0.042503
m4,Streambird,2023Q2,actives,36522.8998,35217.0000,0.037082
m4,Streambird,2023Q2,arpu,35.1027,36.1862,0.029942
m4,Streambird,2023Q2,churn_rate,0.2013,0.0828,1.431541
m4,Streambird,2023Q2,gross_adds,8552.3729,4838.0000,0.767750
m4,Streambird,2023Q2,market_share,3.6057,3.7721,0.044113
m4,Streambird,2023Q2,revenue,1282052.9458,1274369.1400,0.006029
m4,Streambird,2023Q3,actives,35403.8902,37363.0000,0.052434
m4,Streambird,2023Q3,arpu,36.9454,36.2145,0.020183
m4,Streambird,2023Q3,churn_rate,0.1752,0.0807,1.171004
m4,Streambird,2023Q3,gross_adds,6893.7618,4988.0000,0.382069
m4,Streambird,2023Q3,market_share,3.5695,3.6053,0.009930
m4,Streambird,2023Q3,revenue,1308010.5984,1353083.4900,0.033311
m4,Streambird,2023Q4,actives,38118.4922,39232.0000,0.028383
m4,Streambird,2023Q4,arpu,37.1187,36.3606,0.020849
m4,Streambird,2023Q4,churn_rate,0.2161,0.0826,1.615526
m4,Streambird,2023Q4,gross_adds,9459.3681,4956.0000,0.908670
m4,Streambird,2023Q4,market_share,3.1505,3.1227,0.008903
m4,Streambird,2023Q4,revenue,1414908.2037,1426498.2600,0.008125
m4,Streambird,2024Q1,actives,38714.5422,40985.0000,0.055397
m4,Streambird,2024Q1,arpu,37.4538,36.3904,0.029222
m4,Streambird,2024Q1,churn_rate,0.1937,0.0825,1.348334
m4,Streambird,2024Q1,gross_adds,8534.6953,4989.0000,0.710703
m4,Streambird,2024Q1,market_share,3.7268,3.8462,0.031044
m4,Streambird,2024Q1,revenue,1450008.3721,1491460.0800,0.027793
m4,Streambird,2024Q2,actives,42386.7015,42567.0000,0.004236
m4,Streambird,2024Q2,arpu,36.6318,36.4863,0.003988
m4,Streambird,2024Q2,churn_rate,0.1914,0.0817,1.343061
m4,Streambird,2024Q2,gross_adds,10168.0396,4930.0000,1.062483
m4,Streambird,2024Q2,market_share,3.9241,3.9620,0.009566
m4,Streambird,2024Q2,revenue,1552702.0625,1553112.6600,0.000264
m4,Streambird,2024Q3,actives,42797.9394,42864.0000,0.001541
m4,Streambird,2024Q3,arpu,43.4009,43.1574,0.005642
m4,Streambird,2024Q3,churn_rate,0.1985,0.1131,0.754836
m4,Streambird,2024Q3,gross_adds,8614.1050,5112.0000,0.685075
m4,Streambird,2024Q3,market_share,4.4709,4.4191,0.011722
m4,Streambird,2024Q3,revenue,1857467.0177,1849897.7000,0.004092
m4,Streambird,2024Q4,actives,39709.6214,44668.0000,0.111005
m4,Streambird,2024Q4,arpu,47.9932,42.5209,0.128697
m4,Streambird,2024Q4,churn_rate,0.2568,0.0824,2.117375
m4,Streambird,2024Q4,gross_adds,10528.5705,5335.0000,0.973490
m4,Streambird,2024Q4,market_share,3.6998,3.6655,0.009358
m4,Streambird,2024Q4,revenue,1905793.0247,1899324.3700,0.003406
m4,Vantry,2023Q1,actives,74775.2647,70651.0000,0.058375
m4,Vantry,2023Q1,arpu,176.2377,180.1848,0.021906
m4,Vantry,2023Q1,churn_rate,0.0092,0.0127,0.276274
m4,Vantry,2023Q1,gross_adds,2144.1890,1139.0000,0.882519
m4,Vantry,2023Q1,market_share,39.5576,38.2615,0.033875
m4,Vantry,2023Q1,revenue,13178220.4605,12730236.9500,0.035191
m4,Vantry,2023Q2,actives,69581.3600,70771.0000,0.016810
m4,Vantry,2023Q2,arpu,196.9198,187.2627,0.051570
m4,Vantry,2023Q2,churn_rate,0.0185,0.0138,0.340580
m4,Vantry,2023Q2,gross_adds,11878.5535,1095.0000,9.847994
m4,Vantry,2023Q2,market_share,38.5364,39.2275,0.017618
m4,Vantry,2023Q2,revenue,13701947.7123,13252771.2000,0.033893
m4,Vantry,2023Q3,actives,69443.5479,71132.0000,0.023737
m4,Vantry,2023Q3,arpu,206.8104,209.9211,0.014818
m4,Vantry,2023Q3,churn_rate,0.0147,0.0123,0.193085
m4,Vantry,2023Q3,gross_adds,3212.2104,1233.0000,1.605199
m4,Vantry,2023Q3,market_share,39.1923,39.7862,0.014927
m4,Vantry,2023Q3,revenue,14361649.2545,14932104.3900,0.038203
m4,Vantry,2023Q4,actives,72205.6768,71407.0000,0.011185
m4,Vantry,2023Q4,arpu,277.0003,284.8344,0.027504
m4,Vantry,2023Q4,churn_rate,0.0158,0.0165,0.041029
m4,Vantry,2023Q4,gross_adds,3210.5764,1447.0000,1.218781
m4,Vantry,2023Q4,market_share,44.5353,44.5240,0.000254
m4,Vantry,2023Q4,revenue,20000992.3705,20339170.2300,0.016627
m4,Vantry,2024Q1,actives,72768.1244,71553.0000,0.016982
m4,Vantry,2024Q1,arpu,203.8509,204.5564,0.003449
m4,Vantry,2024Q1,churn_rate,0.0165,0.0119,0.387721
m4,Vantry,2024Q1,gross_adds,1587.0356,995.0000,0.595011
m4,Vantry,2024Q1,market_share,38.1256,37.7456,0.010067
m4,Vantry,2024Q1,revenue,14833845.6950,14636626.0500,0.013474
m4,Vantry,2024Q2,actives,71512.1583,71723.0000,0.002940
m4,Vantry,2024Q2,arpu,207.7415,210.9065,0.015007
m4,Vantry,2024Q2,churn_rate,0.0149,0.0114,0.311389
m4,Vantry,2024Q2,gross_adds,1452.0329,983.0000,0.477144
m4,Vantry,2024Q2,market_share,37.5449,38.5884,0.027042
m4,Vantry,2024Q2,revenue,14856041.4135,15126846.6000,0.017902
m4,Vantry,2024Q3,actives,71122.8010,71742.0000,0.008631
m4,Vantry,2024Q3,arpu,215.4462,217.6595,0.010169
m4,Vantry,2024Q3,churn_rate,0.0164,0.0130,0.266116
m4,Vantry,2024Q3,gross_adds,1535.6912,948.0000,0.619927
m4,Vantry,2024Q3,market_share,36.8827,37.3024,0.011251
m4,Vantry,2024Q3,revenue,15323135.8274,15615324.3800,0.018712
m4,Vantry,2024Q4,actives,71823.3790,71944.0000,0.001677
m4,Vantry,2024Q4,arpu,312.1986,316.4679,0.013490
m4,Vantry,2024Q4,churn_rate,0.0202,0.0160,0.262342
m4,Vantry,2024Q4,gross_adds,2349.9199,1350.0000,0.740681
m4,Vantry,2024Q4,market_share,43.5315,43.9394,0.009283
m4,Vantry,2024Q4,revenue,22423159.2737,22767963.0300,0.015144
