mlbam_id,player,position,position_today,cohorts,mlb_debut_date,n_seasons_scored,first_crossing_season,first_base_crossing_season,debut_day_adj_war,debut_day_base_war,debut_day_rate_per_600,debut_reading_basis
657746,Joe Ryan,RHP,P,2022#97,2021-09-01,3,2019,2021,1.71,1.4,4.12,debut_season
660644,Vidal Bruján,OF/2B/SS,SS,2022#77,2021-07-07,5,2018,2018,1.48,0.63,4.1,debut_season
663698,Joey Bart,C,C,2022#31,2020-08-20,2,2018,2018,1.57,0.6,2.78,carried_from_2019
664350,Sixto Sánchez,RHP,P,2022#58,2020-08-22,4,2017,2018,1.12,-0.04,1.64,carried_from_2019
665795,Edward Cabrera,RHP,P,2022#34,2021-08-25,5,2019,2021,1.04,0.66,2.76,debut_season
665833,Oneil Cruz,SS,CF,2022#26,2021-10-02,4,2017,2018,2.64,1.25,5.81,debut_season
666139,Josh Lowe,OF,LF,2022#50,2021-09-08,5,2017,2019,3.84,2.21,5.59,debut_season
666157,Nick Lodolo,LHP,P,2022#42,2022-04-13,1,2021,2021,1.13,0.85,3.92,carried_from_2021
666310,Bo Naylor,C,C,2023#64,2022-10-01,4,2018,2022,6.15,3.66,7.23,debut_season
666374,Matt Brash,RHP,P,2022#98,2022-04-12,1,2021,2021,1.35,0.81,2.0,carried_from_2021
668390,Cole Winn,RHP,P,2022#48,2024-04-14,4,2021,2021,1.32,0.66,1.61,carried_from_2023_over_29pa_tuneup
668472,Nick Pratto,1B,1B,2022#62,2022-07-14,5,2018,2021,2.53,1.18,4.5,debut_season
668709,JJ Bleday,OF,LF,2022#69,2022-07-23,3,2019,2022,2.73,1.43,4.46,debut_season
668881,Hunter Greene,RHP,P,2022#22,2022-04-10,2,2018,2021,2.13,1.24,2.92,carried_from_2021
668885,Austin Martin,SS/OF/2B,RF,2022#52,2024-03-30,3,2021,2021,2.15,1.08,5.12,carried_from_2023
668904,Royce Lewis,SS,3B,2022#46;2023#45,2022-05-06,4,2017,2018,1.52,1.09,8.53,debut_season
668909,Gavin Williams,RHP,P,2023#42,2023-06-21,2,2022,2022,1.32,1.02,4.33,debut_season
668939,Adley Rutschman,C,C,2022#2,2022-05-21,2,2021,2021,5.24,3.19,5.79,carried_from_2021_over_84pa_tuneup
669004,MJ Melendez,C,DH,2022#51,2022-05-03,4,2017,2018,6.75,4.14,7.63,carried_from_2021_over_91pa_tuneup
669022,MacKenzie Gore,LHP,P,2022#86,2022-04-15,3,2018,,-0.08,-0.1,-0.29,carried_from_2021_over_16pa_tuneup
669084,DL Hall,LHP,P,2022#90;2023#97,2022-08-13,4,2018,2021,1.87,1.41,3.53,debut_season
669127,Shea Langeliers,C,C,2022#59,2022-08-16,3,2021,2021,4.31,2.87,6.43,debut_season
669134,Luis Campusano,C,C,2022#44,2020-09-04,3,2018,2019,3.97,1.53,4.89,carried_from_2019
669224,Austin Wells,C,C,2022#96,2023-09-01,3,2021,2021,2.48,1.23,3.63,debut_season
669304,Jose F Miranda,3B/2B/1B,3B,2022#95,2022-05-02,5,2018,2021,6.33,3.87,6.42,carried_from_2021_over_95pa_tuneup
669357,Nolan Gorman,2B/3B,3B,2022#33,2022-05-20,4,2018,2021,2.01,1.42,8.19,debut_season
669358,Shane Baz,RHP,P,2022#12,2021-09-20,4,2021,2021,2.06,1.39,4.15,debut_season
669370,Asa Lacy,LHP,P,2022#72,,2,2021,,,,,never_debuted
669391,Owen White,RHP,P,2023#66,2023-06-13,3,2021,2021,0.3,0.07,0.84,debut_season
669461,Matthew Liberatore,LHP,P,2022#43,2022-05-21,4,2019,2021,1.07,0.81,3.96,debut_season
669923,George Kirby,RHP,P,2022#32,2022-05-08,1,2021,2021,1.09,0.86,2.39,carried_from_2021_over_93pa_tuneup
671213,Triston Casas,1B,1B,2022#16;2023#23,2022-09-04,3,2019,2021,2.24,0.97,4.24,debut_season
671289,Tyler Freeman,SS/2B,RF,2022#88,2022-08-03,5,2017,2018,2.6,1.23,4.55,debut_season
671655,George Valera,OF,LF,2022#47;2023#51,2025-09-01,6,2021,2021,0.44,0.28,1.56,debut_season
671737,Taj Bradley,RHP,P,2022#74;2023#20,2023-04-12,3,2021,2022,3.39,2.17,3.83,carried_from_2022_over_30pa_tuneup
671739,Michael Harris II,OF,CF,2022#65,2022-05-28,3,2021,2021,2.0,0.67,6.12,debut_season
672012,Tyler Black,1B,DH,2024#46,2024-04-30,4,2022,2022,0.98,0.51,5.04,debut_season
672282,Reid Detmers,LHP,P,2022#21,2021-08-01,1,2021,2021,1.02,0.41,2.73,debut_season
672356,Gabriel Arias,INF,3B,2022#73,2022-04-20,4,2018,2019,3.56,1.66,4.42,carried_from_2021_over_40pa_tuneup
672515,Gabriel Moreno,C,C,2022#7,2022-06-11,4,2018,2018,1.44,0.84,5.74,debut_season
672710,Roansy Contreras,RHP,P,2022#71,2021-09-29,4,2018,2021,1.27,0.65,3.48,debut_season
672724,Oswald Peraza,SS/2B,2B,2022#60;2023#52,2022-09-02,5,2017,2021,3.73,2.01,5.21,debut_season
673962,Josh Jung,3B,3B,2022#29;2023#34,2022-09-09,3,2021,2021,0.91,0.5,5.17,debut_season
675659,Greg Jones,OF/SS,LF,2022#91,2024-06-06,3,2021,2021,0.75,0.25,1.6,carried_from_2023_over_100pa_tuneup
676059,Jordan Westburg,INF,3B,2023#74,2023-06-26,3,2021,2021,3.25,1.97,6.47,debut_season
676106,Emerson Hancock,RHP,P,2022#82,2023-08-09,3,2021,2021,0.95,0.6,1.39,debut_season
676272,Bobby Miller,RHP,P,2022#57;2023#24,2023-05-23,2,2021,2021,2.6,1.84,3.32,carried_from_2022_over_61pa_tuneup
676440,Tanner Bibee,RHP,P,2023#65,2023-04-26,1,2022,2022,2.25,1.67,2.62,carried_from_2022_over_61pa_tuneup
676475,Alec Burleson,OF,1B,2023#91,2022-09-08,2,2021,2021,4.43,2.55,5.65,debut_season
676917,Cade Cavalli,RHP,P,2022#39;2023#58,2022-08-26,2,2021,2021,3.15,2.52,4.72,debut_season
676974,Max Meyer,RHP,P,2022#35;2023#67,2022-07-16,2,2021,2021,1.74,1.36,4.55,debut_season
677008,Heston Kjerstad,OF,LF,2023#80;2024#32,2023-09-14,2,2022,2022,3.7,1.96,4.08,debut_season
677587,Brayan Rocchio,SS/2B,SS,2022#84;2023#75;2024#91,2023-05-16,5,2018,2021,1.76,1.07,6.45,debut_season
677594,Julio Rodríguez,OF,CF,2022#3,2022-04-08,2,2019,2019,3.93,1.8,6.94,carried_from_2021
677595,Ronny Mauricio,2B/SS/OF,SS,2022#78,2023-09-01,5,2019,2022,4.36,2.1,4.92,debut_season
677649,Ezequiel Duran,INF,SS,2022#83,2022-06-04,4,2021,2021,1.97,1.1,5.91,debut_season
677950,Alek Thomas,OF,CF,2022#18,2022-05-08,4,2019,2021,0.93,0.47,4.84,debut_season
677951,Bobby Witt Jr.,SS/3B,SS,2022#1,2022-04-07,2,2021,2021,6.33,3.4,6.73,carried_from_2021
677954,Jordan Groshans,3B/SS,SS,2022#80,2022-09-13,3,2021,2021,2.48,0.84,3.62,debut_season
678246,Miguel Vargas,3B/OF/1B,3B,2022#94;2023#37,2022-08-03,4,2018,2021,4.33,2.58,5.94,debut_season
678554,Curtis Mead,3B/2B,3B,2023#33;2024#55,2023-08-04,4,2021,2021,1.6,0.71,4.55,debut_season
678662,Ezequiel Tovar,SS,SS,2023#25,2022-09-23,3,2021,2021,3.9,1.9,7.93,debut_season
678882,Ceddanne Rafaela,OF/SS,CF,2023#86;2024#76,2023-08-28,4,2021,2022,3.69,1.43,4.57,debut_season
678894,Liover Peguero,SS,SS,2022#79,2022-06-18,2,2021,2021,2.26,0.66,5.75,debut_season
679529,Spencer Torkelson,1B/3B,1B,2022#4,2022-04-08,1,2021,2021,3.79,1.22,4.29,carried_from_2021
679822,Justin Foscue,2B/1B,2B,2022#89,2024-04-05,3,2021,2021,4.98,2.59,5.3,carried_from_2023_over_15pa_tuneup
680570,Grayson Rodriguez,RHP,P,2022#6;2023#7,2023-04-05,3,2019,2021,2.93,2.48,6.5,carried_from_2022_over_21pa_tuneup
680574,Matt McLain,SS/2B,2B,2022#87,2023-05-15,3,2021,2021,2.9,2.16,10.04,debut_season
680695,Brennen Davis,OF,CF,2022#15;2023#92,,7,2019,2021,,,,never_debuted
680776,Jarren Duran,OF,LF,2022#85,2021-07-17,3,2018,2021,1.9,1.21,5.21,debut_season
680779,Henry Davis,C,C,2022#24;2023#57,2023-06-19,2,2022,2022,2.44,1.73,6.32,debut_season
681082,Bryson Stott,SS,2B,2022#45,2022-04-08,2,2021,2021,3.18,2.01,3.92,carried_from_2021
681297,Colton Cowser,OF,CF,2022#66;2023#40;2024#19,2023-07-05,3,2021,2021,2.96,1.87,6.9,debut_season
681351,Logan O'Hoppe,C,C,2023#53,2022-09-28,4,2018,2018,5.96,3.3,8.0,debut_season
681624,Andy Pages,OF,CF,2022#68;2023#81,2024-04-16,3,2021,2021,1.3,0.51,5.48,carried_from_2023_over_73pa_tuneup
682243,Bryce Miller,RHP,P,2023#98,2023-05-02,1,2022,2022,1.18,1.08,1.36,carried_from_2022_over_85pa_tuneup
682616,Diego Cartaya,C,C,2022#28;2023#14,,5,2019,2021,,,,never_debuted
682617,Marco Luciano,SS,OF,2022#13;2023#22;2024#39,2023-07-26,4,2019,2021,2.19,0.59,5.44,debut_season
682619,Orelvis Martinez,2B/3B,2B,2022#38;2024#89,2024-06-21,5,2019,2021,2.37,1.28,5.28,debut_season
682622,Noelvi Marte,3B/SS,RF,2022#11;2023#29;2024#21,2023-08-19,3,2021,2021,3.3,1.12,5.09,debut_season
682626,Francisco Alvarez,C,C,2022#10;2023#3,2022-09-30,2,2021,2021,5.8,3.0,7.03,debut_season
682634,Kevin Alcántara,OF,DH,2023#87;2024#65,2024-09-25,5,2021,2024,3.34,0.81,4.23,debut_season
682641,Luis Matos,OF,RF,2022#63,2023-06-14,3,2021,2023,2.88,1.51,6.94,debut_season
682668,Luisangel Acuña,SS/OF/2B,SS,2023#71;2024#66,2024-09-14,4,2021,2022,2.62,0.26,2.68,debut_season
682829,Elly De La Cruz,SS/3B,SS,2022#76;2023#10,2023-06-06,3,2021,2021,2.37,1.58,7.65,debut_season
682848,Endy Rodríguez,C/1B,C,2023#55,2023-07-17,3,2021,2021,2.46,1.12,4.68,debut_season
682928,CJ Abrams,SS,SS,2022#9,2022-04-08,2,2019,2019,1.72,0.54,5.65,carried_from_2021
682982,Daniel Espino,RHP,P,2022#53;2023#16;2024#100,2026-06-17,1,2021,2021,1.72,0.29,2.76,carried_from_2021_over_87pa_tuneup
682985,Riley Greene,OF,LF,2022#5,2022-06-18,2,2021,2021,5.58,2.44,6.0,carried_from_2021_over_75pa_tuneup
682987,Spencer Jones,OF,CF,2024#84,2026-05-08,4,2023,2024,1.36,0.87,5.75,debut_season
682990,Quinn Priester,RHP,P,2022#54;2023#60,2023-07-17,4,2021,2022,2.81,2.24,4.5,debut_season
682998,Corbin Carroll,OF,RF,2022#19;2023#2,2022-08-29,2,2022,2022,5.78,3.28,8.0,debut_season
683002,Gunnar Henderson,3B/SS,SS,2022#64;2023#1,2022-08-31,3,2021,2021,6.15,3.56,7.33,debut_season
683003,Jared Jones,RHP,P,2024#62,2024-03-30,3,2021,2023,3.38,2.34,3.83,carried_from_2023
683004,Jack Leiter,RHP,P,2022#17;2023#78,2024-04-18,2,2022,2022,0.45,-0.13,0.76,carried_from_2023_over_57pa_tuneup
683011,Anthony Volpe,SS,SS,2022#8;2023#5,2023-03-30,2,2021,2021,6.14,2.38,6.18,carried_from_2022
683146,Brett Baty,3B/OF,3B,2022#27;2023#21,2022-08-17,2,2021,2021,4.38,2.25,6.67,debut_season
683175,Connor Phillips,RHP,P,2024#70,2023-09-05,3,2021,2021,2.61,1.64,3.39,debut_season
683357,Owen Caissie,OF,RF,2024#47,2025-08-14,5,2021,2023,4.0,2.39,5.95,debut_season
683737,Michael Busch,INF,1B,2022#67;2023#54;2024#51,2023-04-25,3,2021,2021,1.06,0.81,6.26,debut_season
686217,Sal Frelick,OF,RF,2022#70;2023#30,2023-07-22,3,2021,2022,0.58,-0.2,1.9,debut_season
686610,Ken Waldichuk,LHP,P,2023#76,2022-09-01,2,2021,2021,2.49,2.03,3.77,debut_season
686611,Dylan Crews,OF,RF,2024#7,2024-08-26,2,2023,2024,3.08,0.97,4.11,debut_season
686613,Hunter Brown,RHP,P,2023#43,2022-09-05,2,2021,2021,3.7,3.01,5.22,debut_season
686752,Ryan Pepiot,RHP,P,2023#70,2022-05-11,2,2021,2022,0.91,0.77,5.02,debut_season
686796,Blake Walston,LHP,P,2022#99,2024-05-01,3,2021,2022,3.37,2.4,3.04,carried_from_2023_over_98pa_tuneup
686797,Brooks Lee,INF,3B,2023#31;2024#18,2024-07-03,2,2022,2022,4.29,1.22,4.54,carried_from_2023_over_136pa_tuneup
686894,Joey Wiemer,OF,RF,2022#100;2023#90,2023-04-01,2,2021,2021,3.4,1.32,3.73,carried_from_2022
687221,Dalton Rushing,C/OF,C,2024#75,2025-05-15,4,2022,2022,1.64,1.12,7.46,debut_season
687263,Zach Neto,SS,SS,2023#89,2023-04-15,1,2022,2022,1.57,0.65,6.95,carried_from_2022_over_34pa_tuneup
687401,Joey Ortiz,INF,SS,2023#99;2024#63,2023-04-27,2,2021,2021,3.73,2.11,3.73,carried_from_2022_over_72pa_tuneup
687551,Drew Gilbert,OF,CF,2024#53,2025-08-08,3,2023,2023,2.43,1.06,3.82,debut_season
687597,Jordan Beck,OF,LF,2024#81,2024-04-30,3,2022,2023,1.42,0.93,7.04,debut_season
687931,Carson Whisenhunt,LHP,P,2024#83,2025-07-28,3,2023,2023,2.15,1.57,3.16,debut_season
688457,Gavin Cross,OF,OF,2023#62,,5,2022,2022,,,,never_debuted
689672,Drew Thorpe,RHP,P,2024#85,2024-06-11,2,2023,2023,0.56,0.25,1.49,debut_season
690291,Jace Jung,3B/2B,3B,2023#83;2024#60,2024-08-16,3,2022,2022,3.43,1.76,4.95,debut_season
690953,Mick Abel,RHP,P,2022#81;2023#48;2024#49,2025-05-18,5,2021,2022,1.24,0.94,3.89,debut_season
690986,Kyle Harrison,LHP,P,2022#75;2023#18;2024#23,2023-08-22,3,2021,2021,1.63,1.2,3.31,debut_season
690987,Robert Hassell III,OF,CF,2022#37;2023#35,2025-05-22,5,2021,2021,0.94,0.24,3.23,debut_season
690990,Cade Horton,RHP,P,2024#26,2025-05-10,3,2023,2023,0.77,0.59,4.3,debut_season
690993,Colt Keith,3B/2B,3B,2024#22,2024-03-28,3,2021,2022,5.96,2.86,6.2,carried_from_2023
691006,Kevin Parada,C,C,2023#36,,4,2023,2023,,,,never_debuted
691011,Drew Romo,C,C,2023#84,2024-08-17,4,2021,2021,3.52,2.03,5.7,debut_season
691016,Tyler Soderstrom,C/1B,LF,2022#56;2023#39,2023-07-14,3,2021,2021,2.6,1.31,5.13,debut_season
691019,Kyle Teel,C,C,2024#40,2025-06-06,2,2024,2024,2.46,1.61,6.93,debut_season
691023,Jordan Walker,OF/3B,RF,2022#30;2023#4,2023-03-30,2,2021,2021,5.7,2.07,6.38,carried_from_2022
691026,Masyn Winn,SS,SS,2023#50;2024#43,2023-08-18,3,2021,2022,4.38,2.27,5.28,debut_season
691176,Jasson Domínguez,OF,RF,2022#61;2023#47;2024#41,2023-09-01,3,2021,2022,3.99,0.63,4.72,debut_season
691181,Emmanuel Rodriguez,OF,CF,2023#88;2024#42,,6,2022,2022,,,,never_debuted
691182,Adael Amador,2B,2B,2023#68;2024#28,2024-06-09,4,2021,2022,1.48,0.23,4.24,debut_season
691267,Alex Ramírez,OF,OF,2023#96,,6,2021,2026,,,,never_debuted
691406,Junior Caminero,3B/2B,3B,2024#4,2023-09-23,2,2022,2022,5.53,2.3,6.5,debut_season
691587,Eury Pérez,RHP,P,2022#41;2023#13,2023-05-12,3,2021,2022,0.53,0.17,2.7,debut_season
691620,Jeferson Quero,C,C,2024#35,2026-03-29,3,2022,2022,1.96,1.1,4.0,carried_from_2025_over_4pa_tuneup
691718,Pete Crow-Armstrong,OF,CF,2023#28;2024#16,2023-09-11,2,2022,2022,4.53,1.59,5.44,debut_season
691723,Coby Mayo,3B/1B,3B,2024#30,2024-08-02,4,2021,2021,3.71,2.34,6.54,debut_season
691725,Andrew Painter,RHP,P,2023#6;2024#27,2026-03-31,2,2022,2022,1.87,1.18,2.37,carried_from_2025
691728,Zac Veen,OF,LF,2022#36;2023#27,2025-04-08,4,2021,2021,1.61,0.51,4.07,carried_from_2024_over_37pa_tuneup
691775,Ryan Clifford,1B/OF,1B,2024#97,,5,2022,2024,,,,never_debuted
691781,Brady House,3B,3B,2022#49;2024#48,2025-06-16,4,2022,2023,2.47,1.34,5.23,debut_season
691783,Jordan Lawlar,INF,LF,2022#23;2023#11;2024#11,2023-09-07,2,2022,2022,5.31,2.25,6.51,debut_season
691785,Marcelo Mayer,INF,2B,2022#14;2023#9;2024#15,2025-05-24,5,2021,2022,1.52,0.75,4.73,debut_season
692585,Yanquiel Fernández,OF,RF,2024#72,2025-07-02,4,2022,2025,1.95,0.87,4.31,debut_season
693049,Oscar Colás,OF,RF,2023#85,2023-03-30,1,2022,2022,1.67,1.13,2.03,carried_from_2022
693304,Nick Gonzales,2B/SS,3B,2022#20,2023-06-23,3,2021,2021,1.87,0.76,4.29,debut_season
693308,Nick Frasso,RHP,P,2024#80,,4,2022,2022,,,,never_debuted
693311,Tink Hence,RHP,P,2023#77;2024#64,,3,2022,2022,,,,never_debuted
694183,Cristian Hernández,SS/2B,SS,2022#92,,5,2023,2024,,,,never_debuted
694192,Jackson Chourio,OF,LF,2023#8;2024#2,2024-03-29,2,2022,2022,4.44,0.73,4.76,carried_from_2023
694194,Miguel Bleis,OF,RF,2023#93,,5,2022,,,,,never_debuted
694212,Samuel Basallo,C/1B,C,2024#17,2025-08-17,4,2022,2023,3.99,2.71,7.45,debut_season
694224,Gabriel Gonzalez,OF,RF,2024#79,2026-05-22,5,2022,2025,0.53,-0.27,1.62,debut_season
694297,Brandon Pfaadt,RHP,P,2023#59,2023-05-03,3,2021,2022,0.62,0.47,3.54,debut_season
694351,Jacob Berry,OF/3B,3B,2023#61,,5,2022,2025,,,,never_debuted
694357,Ricky Tiedemann,LHP,P,2023#32;2024#29,,2,2022,2022,,,,never_debuted
694358,Tekoah Roby,RHP,P,2024#99,,4,2022,2023,,,,never_debuted
694371,Tommy Troy,2B/OF,LF,2024#74,2026-05-24,3,2024,2025,1.88,1.04,5.49,debut_season
694377,Nick Yorke,2B/OF,3B,2022#55,2024-09-16,4,2021,2021,4.89,2.4,5.43,debut_season
694384,Nolan Schanuel,1B,1B,2024#95,2023-08-18,0,,,0.79,0.29,,"insufficient_sample (76 of 97 PA+BF scored, need 100)"
694462,Hurston Waldrep,RHP,P,2024#90,2024-06-09,1,2024,2024,0.81,0.3,2.26,debut_season
694497,Evan Carter,OF,CF,2023#41;2024#5,2023-09-08,3,2021,2022,4.3,1.24,5.59,debut_season
694633,Chase Hampton,RHP,P,2024#92,,2,2023,2023,,,,never_debuted
694671,Wyatt Langford,OF,LF,2024#6,2024-03-28,1,2023,2023,1.88,1.12,7.05,carried_from_2023
694813,Gavin Stone,RHP,P,2023#56,2023-05-03,3,2021,2021,0.65,0.51,3.71,debut_season
694819,Jacob Misiorowski,RHP,P,2024#33,2025-06-12,3,2023,2023,1.89,1.48,4.48,debut_season
694973,Paul Skenes,RHP,P,2024#3,2024-05-11,1,2024,2024,1.26,1.08,7.19,debut_season
695076,Rhett Lowder,RHP,P,2024#34,2024-08-30,1,2024,2024,1.25,0.23,1.76,debut_season
695490,Edwin Arroyo,SS/2B,2B,2023#44;2024#67,2026-06-01,4,2022,2022,2.98,1.96,7.16,debut_season
695534,Chase Petty,RHP,P,2024#98,2025-04-30,4,2022,2023,0.46,0.31,2.76,debut_season
695549,Jackson Jobe,RHP,P,2022#40;2023#63;2024#25,2024-09-25,3,2022,2024,1.15,0.31,2.3,debut_season
695578,James Wood,OF,RF,2023#17;2024#14,2024-07-01,4,2021,2022,3.15,2.22,8.18,debut_season
695657,Colson Montgomery,SS/3B,SS,2023#38;2024#9,2025-07-04,5,2022,2022,1.45,0.48,3.59,debut_season
695670,Harry Ford,C,C,2022#93;2023#49;2024#38,2025-09-05,4,2022,2022,4.94,3.11,6.47,debut_season
695865,Wilmer Flores,RHP,P,2023#95,,4,2021,2021,,,,never_debuted
696135,Kahlil Watson,OF,RF,2022#25,2026-06-18,5,2022,2025,2.06,1.02,4.87,debut_season
696143,Anthony Solometo,LHP,P,2024#82,,3,2022,2022,,,,never_debuted
696149,Bubba Chandler,RHP,P,2024#93,2025-08-22,4,2022,2024,2.63,1.98,3.57,debut_season
700246,Carson Williams,SS,SS,2023#72;2024#20,2025-08-22,4,2022,2022,3.33,1.53,4.42,debut_season
700363,AJ Smith-Shawver,RHP,P,2024#69,2023-06-04,1,2022,2022,1.13,0.02,2.28,carried_from_2022_over_128pa_tuneup
700669,Gordon Graceffo,RHP,P,2023#79,2024-06-29,4,2021,2021,1.72,1.23,3.16,debut_season
700932,Kyle Manzardo,1B,1B,2023#73;2024#59,2024-05-06,3,2022,2022,1.24,0.72,5.8,debut_season
701327,Elijah Green,OF,OF,2023#46,,4,2023,,,,,never_debuted
701350,Roman Anthony,OF,LF,2024#24,2025-06-09,3,2023,2023,2.5,1.45,5.67,debut_season
701538,Jackson Merrill,SS/OF,CF,2023#19;2024#12,2024-03-20,3,2021,2022,3.6,0.51,4.22,carried_from_2023
701649,James Triantos,2B/3B/OF,2B,2024#73,2026-07-25,6,2021,2024,2.69,1.14,4.27,debut_season
702222,Justin Crawford,OF,CF,2024#77,2026-03-26,3,2023,2023,4.65,2.63,5.51,carried_from_2025
702253,Cam Collier,1B/3B,3B,2023#69,,4,2023,,,,,never_debuted
702258,Druw Jones,OF,OF,2023#15;2024#78,,4,2023,2026,,,,never_debuted
702261,Termarr Johnson,2B,SS,2023#26;2024#44,,4,2023,2023,,,,never_debuted
702266,Dylan Lesko,RHP,P,2023#100;2024#56,,2,,,,,,never_debuted
702273,Noah Schultz,LHP,P,2024#50,2026-04-14,3,2023,2024,0.71,-0.04,1.3,carried_from_2025_over_47pa_tuneup
702281,Robby Snelling,LHP,P,2024#36,2026-05-08,4,2023,2023,1.01,0.82,5.52,debut_season
702284,Cole Young,2B/SS,2B,2024#37,2025-05-31,3,2023,2023,2.21,1.23,5.4,debut_season
702518,Jett Williams,3B/SS/OF,SS,2024#45,,4,2023,2023,,,,never_debuted
702548,Brock Porter,RHP,P,2023#94;2024#88,,3,2023,,,,,never_debuted
702616,Jackson Holliday,2B/SS,2B,2023#12;2024#1,2024-04-10,1,2023,2023,5.62,2.38,5.8,carried_from_2023_over_56pa_tuneup
703149,Roderick Arias,SS,SS,2024#86,,4,2023,2026,,,,never_debuted
703601,Max Clark,OF,CF,2024#13,2026-07-31,4,2023,2025,3.04,1.33,4.36,debut_season
800050,Chase DeLauter,OF,RF,2023#82;2024#31,2025-10-01,3,2023,2023,1.19,0.6,4.79,debut_season
800060,Xavier Isaac,1B,1B,2024#58,,4,2023,2024,,,,never_debuted
800611,Noble Meyer,RHP,P,2024#57,,2,2024,,,,,never_debuted
801403,Chase Dollander,RHP,P,2024#52,2025-04-06,1,2024,2024,1.35,0.51,1.62,carried_from_2024_over_19pa_tuneup
805779,Jacob Wilson,SS,SS,2024#68,2024-07-19,1,2024,2024,2.99,2.1,9.79,debut_season
805795,Aidan Miller,SS,SS,2024#61,,2,2024,2024,,,,never_debuted
805805,Walker Jenkins,OF,OF,2024#10,,4,2023,2024,,,,never_debuted
805810,Blake Mitchell,C,C,2024#94,,3,2024,2024,,,,never_debuted
805811,Bryce Eldridge,1B,DH,2024#96,2025-09-15,3,2023,2024,2.47,0.51,3.48,debut_season
806068,Colt Emerson,SS,SS,2024#87,2026-05-17,3,2024,2024,1.46,0.76,5.17,debut_season
806956,Ethan Salas,C,C,2024#8,,3,2023,2023,,,,never_debuted
806964,Sebastian Walcott,SS/3B,SS,2024#71,,3,2023,2024,,,,never_debuted
807713,Matt Shaw,INF,RF,2024#54,2025-03-18,2,2023,2023,4.9,2.5,5.62,carried_from_2024
