vendor_id,quarter,tier,composite,accel_flag,stall_flag
V0001,2023Q3,C,34.61538461538461,False,True
V0001,2024Q3,C,34.868421052631575,False,True
V0001,2025Q3,C,65.57971014492753,True,False
V0001,2025Q4,C,26.470588235294116,False,True
V0002,2023Q3,B,62.77120315581855,True,False
V0002,2024Q4,B,29.333333333333332,False,True
V0002,2025Q1,B,73.47787347787347,True,False
V0002,2025Q3,B,14.492753623188406,False,True
V0002,2025Q4,B,71.59605100781572,True,False
V0003,2023Q3,A,66.27218934911242,True,False
V0003,2024Q1,A,27.275641025641026,False,True
V0003,2024Q2,A,85.21889874831052,True,False
V0003,2024Q3,A,74.66222116376915,True,False
V0003,2024Q4,A,41.91282051282052,False,True
V0004,2023Q3,B,3.8461538461538463,False,True
V0004,2024Q1,B,69.11421911421911,True,False
V0004,2024Q2,B,14.942633124451302,False,True
V0004,2025Q1,B,6.3693063693063685,False,True
V0005,2023Q3,C,39.743589743589745,False,True
V0005,2023Q4,C,35.256410256410255,False,True
V0005,2025Q1,C,75.0,True,False
V0005,2025Q4,C,72.79411764705883,True,False
V0006,2023Q3,B,8.382642998027613,False,True
V0006,2023Q4,B,84.71400394477318,True,False
V0006,2024Q3,B,14.646344367706597,False,True
V0006,2024Q4,B,72.46153846153847,True,False
V0006,2025Q3,B,30.15607580824972,False,True
V0007,2023Q3,B,85.60157790927022,True,False
V0007,2023Q4,B,12.22879684418146,False,True
V0007,2024Q3,B,91.47416051440818,True,False
V0007,2025Q1,B,32.76337562051849,False,True
V0007,2025Q2,B,80.18730678305145,True,False
V0007,2025Q3,B,78.2608695652174,True,False
V0008,2024Q3,B,58.752083829483205,True,False
V0008,2024Q4,B,68.97435897435896,True,False
V0008,2025Q1,B,28.10047095761382,False,True
V0008,2025Q2,B,67.93962538643389,True,False
V0008,2025Q3,B,86.45484949832776,True,False
V0008,2025Q4,B,37.33031674208145,False,True
V0009,2024Q1,C,29.48717948717949,False,True
V0009,2024Q3,C,55.26315789473684,True,False
V0010,2023Q3,B,40.729783037475336,False,True
V0010,2023Q4,B,72.97830374753453,True,False
V0010,2024Q2,B,78.99159663865545,True,False
V0010,2024Q3,B,33.98428197189807,False,True
V0010,2025Q1,B,60.67716067716068,True,False
V0010,2025Q2,B,26.78668848881615,False,True
V0010,2025Q4,B,76.9642122583299,True,False
V0011,2023Q3,C,37.17948717948718,False,True
V0011,2023Q4,C,34.61538461538461,False,True
V0011,2024Q1,C,70.51282051282051,True,False
V0011,2024Q2,C,34.09090909090909,False,True
V0011,2025Q2,C,28.47222222222222,False,True
V0011,2025Q3,C,71.3768115942029,True,False
V0012,2024Q1,A,25.737179487179485,False,True
V0012,2024Q3,A,57.7899499880924,True,False
V0012,2025Q3,A,81.23188405797102,True,False
V0012,2025Q4,A,81.37032085561498,True,False
V0013,2024Q2,C,39.705882352941174,False,True
V0014,2024Q1,A,76.89102564102564,True,False
V0014,2024Q2,A,34.908424908424905,False,True
V0014,2024Q4,A,71.77948717948718,True,False
V0014,2025Q2,A,81.39298054191671,True,False
V0015,2023Q4,B,57.84023668639052,True,False
V0015,2024Q2,B,70.04759945936416,True,False
V0015,2024Q4,B,92.66666666666667,True,False
V0015,2025Q3,B,86.12040133779264,True,False
V0015,2025Q4,B,33.16536404771699,False,True
V0016,2023Q4,B,25.936883629191318,False,True
V0016,2024Q1,B,70.06903353057199,True,False
V0016,2024Q2,B,96.8031968031968,True,False
V0016,2025Q1,B,85.37061394204251,True,False
V0016,2025Q4,B,40.26120937885644,False,True
V0017,2023Q3,B,6.41025641025641,False,True
V0017,2024Q1,B,60.256410256410255,True,False
V0017,2024Q3,B,42.15433689117899,False,True
V0017,2024Q4,B,37.87412587412587,False,True
V0018,2023Q3,B,17.94871794871795,False,True
V0018,2023Q4,B,93.47319347319346,True,False
V0018,2024Q1,B,78.55477855477854,True,False
V0018,2025Q1,B,23.391923391923388,False,True
V0019,2023Q3,B,3.6982248520710064,False,True
V0019,2023Q4,B,56.55818540433925,True,False
V0019,2024Q2,B,57.918552036199095,True,False
V0019,2024Q4,B,70.66666666666667,True,False
V0019,2025Q1,B,68.73435444864016,True,False
V0019,2025Q3,B,38.90746934225196,False,True
V0019,2025Q4,B,76.53229123817358,True,False
V0020,2023Q3,B,94.87179487179486,True,False
V0020,2023Q4,B,24.941724941724942,False,True
V0020,2024Q3,B,83.51122561648877,True,False
V0020,2025Q1,B,27.28532728532728,False,True
V0020,2025Q2,B,60.76146076146075,True,False
V0021,2024Q1,B,61.637080867850095,True,False
V0021,2024Q2,B,40.41252864782277,False,True
V0021,2025Q3,B,34.726867335562986,False,True
V0022,2023Q4,B,26.775147928994087,False,True
V0022,2024Q1,B,78.55029585798816,True,False
V0022,2024Q3,B,42.46249106930222,False,True
V0022,2024Q4,B,62.153846153846146,True,False
V0022,2025Q3,B,9.420289855072463,False,True
V0022,2025Q4,B,17.34882764294529,False,True
V0023,2023Q3,C,75.0,True,False
V0023,2023Q4,C,37.17948717948718,False,True
V0023,2024Q1,C,73.71794871794873,True,False
V0023,2024Q2,C,34.740259740259745,False,True
V0023,2024Q3,C,71.05263157894737,True,False
V0023,2025Q3,C,31.52173913043478,False,True
V0023,2025Q4,C,59.55882352941176,True,False
V0024,2023Q3,B,15.384615384615385,False,True
V0024,2023Q4,B,72.87660256410255,True,False
V0024,2024Q1,B,69.95192307692308,True,False
V0024,2024Q2,B,31.01432880844645,False,True
V0025,2023Q3,B,8.234714003944774,False,True
V0025,2023Q4,B,17.40631163708087,False,True
V0025,2024Q1,B,95.5128205128205,True,False
V0025,2024Q2,B,13.974261033084565,False,True
V0025,2024Q3,B,21.19552274351036,False,True
V0025,2024Q4,B,58.61538461538463,True,False
V0025,2025Q1,B,14.048114048114046,False,True
V0025,2025Q3,B,68.5061315496098,True,False
V0025,2025Q4,B,12.39201974496092,False,True
V0026,2024Q1,B,39.62703962703962,False,True
V0026,2024Q4,B,74.24708624708624,True,False
V0026,2025Q2,B,43.86169386169386,False,True
V0026,2025Q3,B,68.62268166615992,True,False
V0027,2023Q3,A,59.36883629191321,True,False
V0027,2023Q4,A,61.730769230769226,True,False
V0027,2024Q1,A,28.782051282051285,False,True
V0027,2024Q3,A,24.390132571247122,False,True
V0027,2024Q4,A,16.78205128205128,False,True
V0027,2025Q1,B,2.564102564102564,False,True
V0028,2024Q3,B,42.414860681114554,False,True
V0028,2024Q4,B,22.512820512820515,False,True
V0028,2025Q1,B,83.1218974076117,True,False
V0028,2025Q2,B,30.169121658483363,False,True
V0028,2025Q4,B,58.617852735499795,True,False
V0029,2023Q4,A,87.56410256410257,True,False
V0029,2024Q2,A,34.993437934614406,False,True
V0029,2024Q3,A,60.085337778836234,True,False
V0029,2025Q1,A,76.26041268898412,True,False
V0029,2025Q4,A,74.58881804470039,True,False
V0030,2023Q4,C,30.128205128205128,False,True
V0030,2024Q1,C,69.23076923076923,True,False
V0030,2024Q4,C,64.33333333333333,True,False
V0030,2025Q3,C,35.14492753623188,False,True
V0030,2025Q4,C,30.147058823529413,False,True
V0031,2023Q3,B,78.2051282051282,True,False
V0031,2024Q2,B,68.39675476039112,True,False
V0031,2024Q3,B,42.87817445712182,False,True
V0031,2025Q3,B,73.46711259754737,True,False
V0031,2025Q4,B,32.52433840669134,False,True
V0032,2024Q1,C,68.58974358974359,True,False
V0032,2024Q3,C,37.5,False,True
V0032,2024Q4,C,63.666666666666664,True,False
V0032,2025Q2,C,37.5,False,True
V0032,2025Q3,C,70.65217391304347,True,False
V0032,2025Q4,C,27.205882352941178,False,True
V0033,2023Q4,A,55.993589743589745,True,False
V0033,2024Q1,A,28.782051282051285,False,True
V0033,2024Q2,B,7.6923076923076925,False,True
V0034,2023Q3,A,73.07692307692308,True,False
V0034,2023Q4,A,96.57051282051282,True,False
V0034,2024Q1,A,33.68589743589743,False,True
V0034,2024Q2,A,89.534387181446,True,False
V0034,2025Q4,A,26.519093651446592,False,True
V0035,2024Q2,C,28.246753246753247,False,True
V0035,2024Q3,C,63.81578947368421,True,False
V0035,2025Q4,C,55.147058823529406,True,False
V0036,2024Q3,A,72.2505358418671,True,False
V0036,2025Q1,A,34.60827782256354,False,True
V0036,2025Q2,A,87.97826877614112,True,False
V0036,2025Q3,A,42.22965440356745,False,True
V0037,2023Q3,B,80.76923076923077,True,False
V0037,2025Q3,B,75.9805411979325,True,False
V0038,2023Q3,B,14.102564102564102,False,True
V0038,2023Q4,B,72.96037296037295,True,False
V0038,2024Q1,B,70.62937062937061,True,False
V0038,2024Q2,B,33.44534253625162,False,True
V0038,2024Q3,B,5.459452827873879,False,True
V0039,2024Q3,C,74.34210526315789,True,False
V0039,2025Q1,C,35.13513513513514,False,True
V0039,2025Q3,C,64.85507246376812,True,False
V0039,2025Q4,C,27.941176470588236,False,True
V0040,2023Q4,A,60.06410256410257,True,False
V0040,2024Q1,A,68.2051282051282,True,False
V0040,2024Q3,A,83.09597523219814,True,False
V0040,2024Q4,A,88.4,True,False
V0040,2025Q4,A,91.6058206499383,True,False
V0041,2023Q3,C,28.846153846153847,False,True
V0041,2023Q4,C,70.1923076923077,True,False
V0041,2024Q1,C,27.884615384615383,False,True
V0041,2024Q4,C,28.0,False,True
V0041,2025Q1,C,65.81632653061226,True,False
V0041,2025Q2,C,28.19148936170213,False,True
V0041,2025Q3,C,26.08695652173913,False,True
V0042,2023Q3,A,78.05719921104537,True,False
V0042,2024Q1,A,35.51282051282051,False,True
V0042,2024Q2,A,64.89716166186754,True,False
V0042,2025Q2,A,37.406346608474266,False,True
V0042,2025Q4,A,76.41505553270261,True,False
V0043,2023Q3,B,29.881656804733733,False,True
V0043,2024Q3,B,19.242676827816148,False,True
V0044,2023Q3,A,96.44970414201184,True,False
V0044,2023Q4,A,18.397435897435894,False,True
V0044,2024Q2,A,14.53203659086012,False,True
V0044,2024Q3,A,81.0423116615067,True,False
V0044,2025Q1,A,33.36494265065693,False,True
V0044,2025Q2,A,69.81814875431897,True,False
V0044,2025Q4,A,35.601775675305085,False,True
V0045,2023Q3,B,85.74950690335305,True,False
V0045,2023Q4,B,85.1084812623274,True,False
V0045,2024Q4,B,27.230769230769234,False,True
V0045,2025Q1,B,4.7392761678475965,False,True
V0046,2023Q3,C,69.87179487179488,True,False
V0046,2023Q4,C,32.69230769230769,False,True
V0046,2024Q4,C,70.33333333333333,True,False
V0047,2023Q3,A,98.27416173570019,True,False
V0047,2025Q1,A,88.29161186304043,True,False
V0047,2025Q2,A,43.914802691398435,False,True
V0047,2025Q3,A,41.858974358974365,False,True
V0047,2025Q4,A,9.709310297545592,False,True
V0048,2023Q3,C,62.82051282051282,True,False
V0048,2025Q3,C,28.6231884057971,False,True
V0048,2025Q4,C,69.85294117647058,True,False
V0049,2023Q3,B,91.02564102564102,True,False
V0049,2023Q4,B,71.21212121212122,True,False
V0049,2024Q1,B,34.265734265734274,False,True
V0049,2024Q2,B,9.187781915054641,False,True
V0050,2023Q3,A,65.63116370808677,True,False
V0050,2023Q4,A,29.87179487179487,False,True
V0050,2024Q1,A,79.55128205128204,True,False
V0050,2024Q3,A,39.202587917758194,False,True
V0050,2025Q1,A,80.12056797771083,True,False
V0050,2025Q3,A,33.87123745819398,False,True
V0050,2025Q4,A,74.00880981763335,True,False
V0051,2023Q4,B,14.45221445221445,False,True
V0052,2024Q1,B,82.24852071005917,True,False
V0052,2025Q1,B,72.73961559675845,True,False
V0052,2025Q2,B,25.986543007819602,False,True
V0052,2025Q4,B,66.42328259975318,True,False
V0053,2024Q1,C,70.1923076923077,True,False
V0053,2024Q3,C,26.96078431372549,False,True
V0053,2025Q2,C,57.97872340425532,True,False
V0053,2025Q3,C,31.52173913043478,False,True
V0053,2025Q4,C,72.72727272727272,True,False
V0054,2023Q3,A,26.77514792899408,False,True
V0054,2024Q3,A,27.918948956100657,False,True
V0054,2025Q2,A,76.61392980541916,True,False
V0054,2025Q4,A,39.4864938982586,False,True
V0055,2023Q4,C,26.28205128205128,False,True
V0055,2024Q2,C,67.85714285714286,True,False
V0055,2025Q1,C,28.37837837837838,False,True
V0055,2025Q2,C,72.91666666666666,True,False
V0056,2023Q3,B,26.57790927021696,False,True
V0056,2024Q1,B,88.51084812623274,True,False
V0056,2024Q4,B,20.71794871794872,False,True
V0056,2025Q2,B,63.47517730496454,True,False
V0056,2025Q3,B,25.52954292084727,False,True
V0056,2025Q4,B,21.91484985602633,False,True
V0058,2023Q4,A,85.38461538461539,True,False
V0058,2025Q2,A,97.3076923076923,True,False
V0059,2023Q3,B,81.55818540433926,True,False
V0059,2023Q4,B,28.74753451676529,False,True
V0059,2024Q1,B,26.923076923076923,False,True
V0059,2024Q3,B,56.94212907835199,True,False
V0059,2024Q4,B,82.1025641025641,True,False
V0059,2025Q2,B,37.70685579196218,False,True
V0059,2025Q3,B,76.70011148272017,True,False
V0060,2023Q3,B,78.05719921104537,True,False
V0060,2023Q4,B,44.32938856015779,False,True
V0060,2024Q1,B,30.424063116370807,False,True
V0060,2024Q2,B,76.20027031791737,True,False
V0060,2024Q3,B,69.99285544177185,True,False
V0060,2024Q4,B,25.94871794871795,False,True
V0060,2025Q4,B,74.46524064171122,True,False
V0061,2023Q4,C,55.128205128205124,True,False
V0061,2024Q1,C,28.205128205128204,False,True
V0061,2024Q2,C,64.6103896103896,True,False
V0062,2025Q1,B,88.4016884016884,True,False
V0063,2023Q3,C,63.46153846153847,True,False
V0063,2024Q3,C,30.921052631578945,False,True
V0063,2024Q4,C,61.0,True,False
V0064,2023Q3,A,31.706114398422088,False,True
V0064,2024Q3,A,7.660554100182582,False,True
V0064,2025Q2,A,19.7535915621022,False,True
V0066,2023Q3,A,82.74161735700197,True,False
V0066,2023Q4,A,23.333333333333336,False,True
V0066,2024Q1,A,32.43589743589744,False,True
V0067,2023Q4,B,30.424063116370807,False,True
V0067,2024Q1,B,67.01183431952663,True,False
V0067,2024Q2,B,17.411999764940944,False,True
V0067,2024Q3,B,85.49654679685639,True,False
V0067,2024Q4,B,16.82051282051282,False,True
V0068,2023Q4,C,62.17948717948718,True,False
V0068,2024Q3,C,73.68421052631578,True,False
V0068,2024Q4,C,30.333333333333336,False,True
V0068,2025Q1,C,70.94594594594595,True,False
V0068,2025Q3,C,74.27536231884059,True,False
V0069,2023Q3,B,6.213017751479289,False,True
V0069,2023Q4,B,81.90335305719921,True,False
V0069,2024Q2,B,16.77734030675207,False,True
V0069,2024Q4,B,56.51282051282051,True,False
V0069,2025Q1,B,30.090372947515803,False,True
V0069,2025Q3,B,58.24972129319956,True,False
V0069,2025Q4,B,78.51707116413,True,False
V0070,2023Q3,B,84.61538461538463,True,False
V0070,2023Q4,B,44.47115384615384,False,True
V0070,2024Q4,B,79.75320512820511,True,False
V0070,2025Q1,B,86.22448979591837,True,False
V0071,2024Q1,A,3.782051282051282,False,True
V0071,2024Q4,A,10.592307692307692,False,True
V0072,2023Q4,B,77.73892773892773,True,False
V0072,2024Q1,B,88.11188811188809,True,False
V0072,2024Q3,B,39.59023432707643,False,True
V0072,2025Q1,B,62.0991620991621,True,False
V0072,2025Q4,B,40.06581653640477,False,True
V0073,2024Q3,C,65.13157894736842,True,False
V0073,2025Q2,C,34.02777777777778,False,True
V0073,2025Q3,C,64.13043478260869,True,False
V0075,2023Q4,B,41.518737672583825,False,True
V0075,2024Q1,B,36.932938856015774,False,True
V0075,2024Q3,B,59.10931174089068,True,False
V0075,2025Q3,B,35.84169453734671,False,True
V0075,2025Q4,B,73.0152200740436,True,False
V0076,2023Q3,B,20.51282051282051,False,True
V0076,2023Q4,B,73.65967365967364,True,False
V0076,2024Q2,B,19.407864862410314,False,True
V0076,2025Q1,B,77.72947772947772,True,False
V0076,2025Q2,B,92.42424242424241,True,False
V0077,2023Q4,C,64.1025641025641,True,False
V0077,2024Q2,C,38.63636363636363,False,True
V0077,2024Q4,C,68.33333333333334,True,False
V0078,2023Q4,B,24.038461538461537,False,True
V0078,2024Q3,B,97.75641025641025,True,False
V0078,2024Q4,B,43.77884615384616,False,True
V0078,2025Q1,B,44.48260073260073,False,True
V0078,2025Q2,B,62.60570103655209,True,False
V0078,2025Q3,B,31.344063545150505,False,True
V0078,2025Q4,B,12.496357808857807,False,True
V0079,2023Q4,B,29.635108481262325,False,True
V0079,2024Q4,B,25.743589743589745,False,True
V0079,2025Q1,B,73.2360303788875,True,False
V0080,2024Q1,C,66.66666666666666,True,False
V0080,2024Q2,C,30.844155844155843,False,True
V0080,2025Q1,C,66.8918918918919,True,False
V0080,2025Q4,C,33.088235294117645,False,True
V0081,2023Q3,C,67.3076923076923,True,False
V0081,2025Q2,C,35.416666666666664,False,True
V0081,2025Q4,C,61.76470588235294,True,False
V0082,2023Q3,A,78.35305719921105,True,False
V0082,2023Q4,A,78.46153846153845,True,False
V0082,2024Q2,A,36.50246812011518,False,True
V0082,2024Q4,A,75.33333333333333,True,False
V0082,2025Q4,A,28.8177019059372,False,True
V0084,2023Q4,A,33.68589743589744,False,True
V0084,2024Q2,A,74.6954026365791,True,False
V0084,2024Q3,A,42.78796538858458,False,True
V0084,2024Q4,A,79.74358974358975,True,False
V0084,2025Q1,A,24.245760674332104,False,True
V0085,2023Q3,C,35.57692307692308,False,True
V0085,2023Q4,C,36.53846153846154,False,True
V0085,2024Q2,C,63.23529411764706,True,False
V0085,2025Q1,C,64.79591836734693,True,False
V0086,2024Q1,B,96.94280078895466,True,False
V0086,2024Q2,B,10.865604983252041,False,True
V0086,2024Q4,B,84.35897435897436,True,False
V0086,2025Q1,B,29.767915482201197,False,True
V0086,2025Q2,B,20.567375886524818,False,True
V0086,2025Q3,B,64.43701226309922,True,False
V0087,2023Q3,A,29.78303747534517,False,True
V0087,2024Q2,A,74.50236038471333,True,False
V0087,2024Q4,A,86.71025641025642,True,False
V0087,2025Q1,A,44.779088350516915,False,True
V0087,2025Q2,A,40.29778141480269,False,True
V0087,2025Q4,A,61.567256273138625,True,False
V0088,2023Q4,B,16.317016317016314,False,True
V0088,2024Q1,B,26.107226107226104,False,True
V0090,2024Q2,A,88.00748271336506,True,False
V0090,2024Q4,A,42.10769230769231,False,True
V0090,2025Q2,A,69.60265502818694,True,False
V0091,2023Q3,B,7.114219114219115,False,True
V0091,2024Q3,B,71.4063714063714,True,False
V0091,2025Q1,B,31.58508158508159,False,True
V0091,2025Q2,B,74.88624052004333,True,False
V0091,2025Q4,B,25.82089552238806,False,True
V0092,2023Q3,C,59.0,True,False
V0092,2024Q4,C,38.888888888888886,False,True
V0092,2025Q1,C,69.44444444444444,True,False
V0093,2023Q4,C,38.013698630136986,False,True
V0093,2024Q1,C,74.31506849315068,True,False
V0093,2024Q3,C,29.86111111111111,False,True
V0093,2025Q2,C,73.59154929577466,True,False
V0093,2025Q3,C,26.428571428571427,False,True
V0093,2025Q4,C,71.2686567164179,True,False
V0094,2023Q3,B,73.33333333333333,True,False
V0094,2023Q4,B,26.947025577162563,False,True
V0094,2024Q1,B,84.82613277133825,True,False
V0094,2024Q2,B,38.69144554076061,False,True
V0094,2024Q3,B,44.09479409479409,False,True
V0094,2024Q4,B,60.91686091686092,True,False
V0094,2025Q2,B,77.06392199349946,True,False
V0094,2025Q3,B,41.53846153846154,False,True
V0094,2025Q4,B,75.66016073478761,True,False
V0095,2023Q3,B,85.91142191142191,True,False
V0095,2024Q3,B,42.03574203574203,False,True
V0095,2024Q4,B,99.57264957264958,True,False
V0095,2025Q3,B,13.076923076923077,False,True
V0095,2025Q4,B,67.78415614236509,True,False
V0096,2024Q1,C,28.424657534246577,False,True
V0096,2024Q2,C,66.78082191780823,True,False
V0096,2025Q3,C,35.714285714285715,False,True
V0097,2024Q4,C,68.05555555555556,True,False
V0098,2023Q3,B,21.333333333333336,False,True
V0098,2023Q4,B,65.80132196570551,True,False
V0098,2024Q1,B,64.76195037838872,True,False
V0098,2024Q2,B,29.71548998946259,False,True
V0098,2024Q3,B,28.3993783993784,False,True
V0099,2023Q3,B,77.33333333333333,True,False
V0099,2023Q4,B,14.230290257687518,False,True
V0099,2024Q2,B,69.04875945971835,True,False
V0099,2024Q3,B,23.698523698523697,False,True
V0099,2024Q4,B,12.82051282051282,False,True
V0100,2023Q4,C,63.35616438356164,True,False
V0100,2024Q1,C,64.72602739726028,True,False
V0100,2024Q2,C,44.86301369863014,False,True
V0100,2025Q4,C,73.50746268656718,True,False
V0101,2023Q3,B,80.0,True,False
V0101,2023Q4,B,24.746144266692205,False,True
V0101,2024Q2,B,75.70888016093494,True,False
V0101,2025Q4,B,29.861183592526874,False,True
V0102,2023Q3,B,20.0,False,True
V0102,2023Q4,B,85.27157773733116,True,False
V0102,2024Q2,B,26.01302806782258,False,True
V0102,2025Q1,B,8.43045843045843,False,True
V0103,2024Q3,C,29.166666666666664,False,True
V0103,2024Q4,C,65.27777777777777,True,False
V0104,2024Q1,B,60.015327138614815,True,False
V0104,2025Q1,B,19.42501942501943,False,True
V0104,2025Q2,B,99.56663055254604,True,False
V0106,2023Q3,B,88.0,True,False
V0106,2023Q4,B,16.720950282594117,False,True
V0106,2024Q1,B,36.51690774978446,False,True
V0106,2024Q4,B,13.986013986013983,False,True
V0107,2023Q3,C,28.333333333333332,False,True
V0107,2023Q4,C,64.04109589041096,True,False
V0107,2024Q2,C,29.794520547945204,False,True
V0107,2024Q4,C,64.58333333333333,True,False
V0108,2023Q3,C,73.0,True,False
V0108,2023Q4,C,25.684931506849313,False,True
V0108,2025Q2,C,39.08450704225352,False,True
V0108,2025Q3,C,75.0,True,False
V0110,2023Q3,C,25.666666666666668,False,True
V0110,2023Q4,C,75.0,True,False
V0110,2024Q1,C,29.794520547945204,False,True
V0110,2024Q3,C,63.88888888888889,True,False
V0110,2025Q1,C,70.83333333333333,True,False
V0110,2025Q4,C,43.656716417910445,False,True
V0111,2024Q4,C,28.47222222222222,False,True
V0112,2023Q4,B,85.68349458760417,True,False
V0112,2024Q1,B,15.312769422358462,False,True
V0112,2025Q1,B,85.31468531468532,True,False
V0113,2023Q3,B,75.37529137529138,True,False
V0113,2024Q1,B,19.724111504933422,False,True
V0113,2024Q2,B,82.77612798160743,True,False
V0113,2024Q3,B,81.74048174048173,True,False
V0113,2025Q2,B,86.57638136511376,True,False
V0114,2023Q3,B,36.0,False,True
V0114,2024Q2,B,82.82402528977872,True,False
V0114,2025Q2,B,5.91943267999606,False,True
V0115,2023Q3,C,34.333333333333336,False,True
V0115,2023Q4,C,64.72602739726028,True,False
V0115,2024Q3,C,65.27777777777777,True,False
V0115,2025Q2,C,70.77464788732394,True,False
V0115,2025Q4,C,44.40298507462687,False,True
V0116,2023Q4,B,94.52054794520548,True,False
V0116,2024Q4,B,76.72882672882673,True,False
V0116,2025Q3,B,78.56143856143856,True,False
V0117,2023Q3,B,9.333333333333334,False,True
V0117,2023Q4,B,73.40262477248777,True,False
V0117,2024Q1,B,72.03755148960626,True,False
V0117,2025Q3,B,75.37462537462537,True,False
V0119,2023Q4,B,30.22559632148673,False,True
V0119,2024Q1,B,64.19676214196762,True,False
V0119,2024Q3,B,38.92773892773892,False,True
V0119,2024Q4,B,19.46386946386946,False,True
V0120,2024Q1,C,72.94520547945206,True,False
V0120,2024Q3,C,40.97222222222222,False,True
V0120,2025Q1,C,72.22222222222223,True,False
V0121,2024Q1,C,31.84931506849315,False,True
V0121,2024Q2,C,55.82191780821918,True,False
V0121,2025Q4,C,70.52238805970148,True,False
V0122,2023Q4,C,72.94520547945206,True,False
V0122,2024Q1,C,32.534246575342465,False,True
V0122,2024Q4,C,27.083333333333332,False,True
V0123,2023Q4,C,66.78082191780823,True,False
V0123,2024Q1,C,42.80821917808219,False,True
V0123,2024Q4,C,70.13888888888889,True,False
V0123,2025Q2,C,37.67605633802817,False,True
V0123,2025Q3,C,72.85714285714286,True,False
V0124,2023Q4,C,69.52054794520548,True,False
V0124,2024Q1,C,37.32876712328767,False,True
V0124,2024Q2,C,69.52054794520548,True,False
V0125,2023Q4,C,74.31506849315068,True,False
V0125,2024Q1,C,25.684931506849313,False,True
V0125,2024Q2,C,74.31506849315068,True,False
V0125,2024Q4,C,33.33333333333333,False,True
V0125,2025Q1,C,65.97222222222223,True,False
V0125,2025Q3,C,38.57142857142857,False,True
V0125,2025Q4,C,66.7910447761194,True,False
V0126,2023Q3,C,75.0,True,False
V0126,2023Q4,C,32.534246575342465,False,True
V0126,2024Q1,C,33.9041095890411,False,True
V0126,2024Q3,C,61.80555555555556,True,False
V0126,2024Q4,C,25.694444444444443,False,True
V0126,2025Q3,C,28.57142857142857,False,True
V0127,2023Q3,C,29.0,False,True
V0127,2024Q1,C,66.0958904109589,True,False
V0127,2024Q3,C,38.19444444444444,False,True
V0128,2024Q2,C,68.15068493150685,True,False
V0128,2024Q4,C,36.80555555555556,False,True
V0130,2023Q4,B,70.15997700929209,True,False
V0130,2024Q1,B,18.517099339017147,False,True
V0130,2024Q2,B,27.282306734361534,False,True
V0130,2024Q4,B,10.994560994560995,False,True
V0130,2025Q1,B,7.148407148407149,False,True
V0131,2023Q4,C,29.794520547945204,False,True
V0131,2024Q1,C,73.63013698630138,True,False
V0131,2024Q2,C,32.534246575342465,False,True
V0131,2025Q2,C,72.88732394366197,True,False
V0132,2023Q3,B,66.66666666666666,True,False
V0132,2023Q4,B,72.72008813104704,True,False
V0132,2024Q1,B,41.00009579461634,False,True
V0132,2024Q3,B,74.43667443667444,True,False
V0132,2025Q1,B,81.62393162393161,True,False
V0133,2024Q1,C,75.0,True,False
V0133,2024Q2,C,29.10958904109589,False,True
V0133,2024Q4,C,63.88888888888889,True,False
V0133,2025Q2,C,41.19718309859155,False,True
V0133,2025Q3,C,34.285714285714285,False,True
V0134,2024Q4,C,39.583333333333336,False,True
V0134,2025Q1,C,30.555555555555557,False,True
V0135,2023Q3,C,67.0,True,False
V0135,2023Q4,C,37.32876712328767,False,True
V0135,2024Q2,C,26.36986301369863,False,True
V0135,2024Q4,C,59.02777777777778,True,False
V0135,2025Q1,C,28.47222222222222,False,True
V0136,2024Q1,C,56.50684931506849,True,False
V0136,2024Q3,C,26.38888888888889,False,True
V0136,2024Q4,C,56.25,True,False
V0136,2025Q1,C,66.66666666666666,True,False
V0136,2025Q2,C,43.30985915492958,False,True
V0136,2025Q4,C,31.71641791044776,False,True
V0137,2023Q4,C,35.273972602739725,False,True
V0137,2024Q3,C,56.94444444444444,True,False
V0137,2025Q1,C,25.694444444444443,False,True
V0138,2023Q4,C,26.36986301369863,False,True
V0138,2024Q1,C,72.26027397260273,True,False
V0138,2024Q4,C,69.44444444444444,True,False
V0138,2025Q1,C,27.083333333333332,False,True
V0138,2025Q2,C,72.1830985915493,True,False
V0138,2025Q4,C,27.238805970149254,False,True
V0139,2023Q3,B,82.66666666666667,True,False
V0139,2023Q4,B,34.15557045694032,False,True
V0139,2024Q1,B,21.572947600344854,False,True
V0139,2024Q2,B,68.59373503209119,True,False
V0139,2024Q3,B,64.68531468531468,True,False
V0139,2025Q2,B,38.47631241997439,False,True
V0139,2025Q3,B,78.19180819180816,True,False
V0140,2023Q3,C,34.09090909090909,False,True
V0140,2024Q3,C,65.9090909090909,True,False
V0140,2025Q1,C,75.0,True,False
V0140,2025Q2,C,30.0,False,True
V0140,2025Q4,C,55.0,True,False
V0141,2024Q2,B,35.376951815307976,False,True
V0141,2024Q3,B,16.433566433566437,False,True
V0141,2024Q4,B,79.6037296037296,True,False
V0141,2025Q1,B,24.009324009324008,False,True
V0142,2023Q3,C,74.33333333333334,True,False
V0143,2023Q3,B,69.77156177156178,True,False
V0143,2024Q3,B,73.42657342657344,True,False
V0143,2024Q4,B,41.53069153069153,False,True
V0143,2025Q3,B,80.87912087912088,True,False
V0144,2023Q4,C,34.61538461538461,False,True
V0145,2023Q4,B,44.498994156528404,False,True
V0145,2024Q1,B,78.795861672574,True,False
V0145,2024Q2,B,40.2433183255101,False,True
V0145,2025Q4,B,86.41060432105208,True,False
V0147,2023Q4,C,68.15068493150685,True,False
V0147,2024Q1,C,35.273972602739725,False,True
V0147,2024Q4,C,66.66666666666666,True,False
V0148,2023Q3,B,92.0,True,False
V0148,2024Q2,B,97.01120797011208,True,False
V0149,2023Q3,C,27.666666666666668,False,True
V0149,2024Q2,C,34.58904109589041,False,True
V0149,2024Q3,C,74.30555555555556,True,False
V0149,2025Q1,C,41.666666666666664,False,True
V0149,2025Q3,C,67.85714285714286,True,False
V0150,2023Q3,C,32.333333333333336,False,True
V0151,2023Q3,B,30.666666666666664,False,True
V0151,2024Q1,B,78.66653894051154,True,False
V0151,2025Q3,B,76.26373626373625,True,False
V0152,2023Q3,C,71.66666666666666,True,False
V0152,2024Q1,C,39.38356164383562,False,True
V0152,2024Q2,C,25.684931506849313,False,True
V0152,2024Q3,C,63.19444444444444,True,False
V0152,2024Q4,C,72.91666666666666,True,False
V0152,2025Q1,C,27.77777777777778,False,True
V0153,2023Q3,C,57.0,True,False
V0153,2024Q1,C,68.15068493150685,True,False
V0153,2024Q2,C,31.164383561643834,False,True
V0155,2023Q3,C,68.33333333333334,True,False
V0155,2023Q4,C,33.21917808219178,False,True
V0155,2024Q3,C,68.05555555555556,True,False
V0156,2024Q3,C,72.22222222222223,True,False
V0156,2024Q4,C,30.555555555555557,False,True
V0156,2025Q2,C,59.50704225352113,True,False
V0156,2025Q4,C,34.701492537313435,False,True
V0157,2023Q4,C,73.63013698630138,True,False
V0157,2025Q1,C,71.52777777777777,True,False
V0157,2025Q2,C,29.225352112676056,False,True
V0157,2025Q4,C,61.56716417910448,True,False
V0158,2023Q4,C,59.93150684931507,True,False
V0158,2024Q2,C,73.63013698630138,True,False
V0159,2023Q3,B,78.66666666666666,True,False
V0159,2023Q4,B,78.16840693553021,True,False
V0159,2024Q2,B,34.24178561164862,False,True
V0159,2024Q3,B,22.494172494172492,False,True
V0159,2025Q2,B,66.41879247513049,True,False
V0159,2025Q3,B,40.869130869130856,False,True
V0159,2025Q4,B,19.27251852624987,False,True
V0161,2023Q3,B,26.666666666666668,False,True
V0161,2023Q4,B,37.38384902768464,False,True
V0161,2024Q2,B,69.65705527349363,True,False
V0161,2024Q3,B,74.24242424242424,True,False
V0161,2024Q4,B,96.75602175602175,True,False
V0162,2023Q3,C,69.66666666666666,True,False
V0162,2024Q2,C,33.9041095890411,False,True
V0162,2024Q4,C,65.97222222222223,True,False
V0162,2025Q1,C,29.166666666666664,False,True
V0162,2025Q2,C,63.028169014084504,True,False
V0163,2023Q4,B,34.50522080659067,False,True
V0163,2024Q2,B,78.08219178082192,True,False
V0163,2024Q3,B,10.994560994560995,False,True
V0163,2024Q4,B,24.98057498057498,False,True
V0163,2025Q1,B,61.344211344211345,True,False
V0163,2025Q2,B,23.380281690140844,False,True
V0163,2025Q3,B,73.18681318681318,True,False
V0163,2025Q4,B,23.030998851894374,False,True
V0164,2024Q4,B,43.24009324009324,False,True
V0164,2025Q1,B,34.26573426573427,False,True
V0164,2025Q2,B,14.73948586624643,False,True
V0165,2024Q2,C,75.0,True,False
V0165,2024Q3,C,25.694444444444443,False,True
V0165,2024Q4,C,67.36111111111111,True,False
V0165,2025Q1,C,73.61111111111111,True,False
V0165,2025Q2,C,36.267605633802816,False,True
V0165,2025Q3,C,27.142857142857142,False,True
V0165,2025Q4,C,63.059701492537314,True,False
V0166,2023Q3,B,97.33333333333334,True,False
V0166,2024Q1,B,31.037455694989937,False,True
V0166,2024Q2,B,24.020500047897304,False,True
V0166,2024Q3,B,91.64724164724161,True,False
V0166,2025Q1,B,41.27816627816627,False,True
V0166,2025Q2,B,35.51659607997636,False,True
V0166,2025Q3,B,62.61738261738261,True,False
V0167,2023Q3,B,26.265734265734263,False,True
V0167,2023Q4,B,80.6399080371683,True,False
V0167,2024Q1,B,78.5899032474375,True,False
V0167,2025Q4,B,9.678530424799082,False,True
V0168,2023Q4,C,61.3013698630137,True,False
V0168,2024Q2,C,40.06849315068493,False,True
V0168,2024Q3,C,27.083333333333332,False,True
V0168,2025Q3,C,59.285714285714285,True,False
V0169,2023Q3,B,34.66666666666667,False,True
V0169,2024Q1,B,78.38394482230098,True,False
V0169,2024Q3,B,38.77233877233877,False,True
V0169,2024Q4,B,88.17016317016316,True,False
V0169,2025Q1,B,84.84848484848484,True,False
V0170,2023Q3,B,56.000000000000014,True,False
V0170,2023Q4,B,56.63856691253951,True,False
V0170,2024Q2,B,9.876424944918094,False,True
V0171,2023Q3,B,22.666666666666664,False,True
V0171,2024Q2,B,79.74901810518247,True,False
V0171,2024Q4,B,92.07459207459206,True,False
V0171,2025Q3,B,99.48051948051949,True,False
V0173,2023Q4,C,26.923076923076923,False,True
V0174,2023Q3,C,70.33333333333333,True,False
V0174,2023Q4,C,28.424657534246577,False,True
V0174,2024Q1,C,71.57534246575342,True,False
V0174,2025Q2,C,34.859154929577464,False,True
V0174,2025Q4,C,74.25373134328359,True,False
V0175,2023Q3,B,17.333333333333336,False,True
V0175,2023Q4,B,42.820193505125005,False,True
V0175,2024Q1,B,92.07299549765303,True,False
V0175,2024Q3,B,39.04428904428904,False,True
V0175,2024Q4,B,37.66511266511266,False,True
V0175,2025Q1,B,87.25718725718725,True,False
V0175,2025Q3,B,37.53246753246753,False,True
V0176,2023Q3,B,82.14285714285712,True,False
V0176,2023Q4,B,30.59163059163059,False,True
V0176,2024Q1,B,18.860028860028855,False,True
V0176,2024Q4,B,88.83838383838382,True,False
V0176,2025Q2,B,32.30769230769231,False,True
V0176,2025Q3,B,24.009324009324004,False,True
V0177,2023Q3,B,1.1904761904761905,False,True
V0177,2024Q3,B,64.74747474747474,True,False
V0177,2024Q4,B,14.898989898989898,False,True
V0177,2025Q1,B,16.96969696969697,False,True
V0178,2023Q4,B,88.8921888921889,True,False
V0178,2024Q3,B,25.384615384615383,False,True
V0178,2025Q1,B,70.38461538461539,True,False
V0178,2025Q4,B,19.736842105263158,False,True
V0179,2025Q1,C,33.125,False,True
V0180,2024Q1,C,32.73809523809524,False,True
V0180,2024Q2,C,70.1219512195122,True,False
V0180,2025Q3,C,70.51282051282051,True,False
V0180,2025Q4,C,41.44736842105263,False,True
V0181,2023Q3,B,14.285714285714285,False,True
V0181,2023Q4,B,55.91630591630591,True,False
V0181,2024Q2,B,60.71446169007143,True,False
V0181,2024Q4,B,31.666666666666668,False,True
V0181,2025Q1,B,6.919191919191919,False,True
V0182,2024Q3,B,78.93939393939392,True,False
V0182,2025Q3,B,93.45765345765344,True,False
V0183,2023Q3,B,40.476190476190474,False,True
V0183,2023Q4,B,19.336219336219333,False,True
V0183,2024Q1,B,64.27128427128426,True,False
V0183,2024Q2,B,68.92338014289233,True,False
V0183,2025Q1,B,78.83838383838382,True,False
V0183,2025Q4,B,35.08771929824561,False,True
V0184,2023Q3,B,83.35808335808335,True,False
V0184,2025Q3,C,74.35897435897436,True,False
V0185,2023Q4,C,60.11904761904761,True,False
V0185,2024Q1,C,62.5,True,False
V0185,2024Q2,C,37.19512195121951,False,True
V0185,2024Q4,C,28.75,False,True
V0185,2025Q1,C,75.0,True,False
V0185,2025Q2,C,69.87179487179488,True,False
V0186,2023Q4,C,30.952380952380953,False,True
V0186,2024Q1,C,70.83333333333333,True,False
V0186,2024Q4,C,41.875,False,True
V0186,2025Q1,C,66.25,True,False
V0186,2025Q2,C,37.17948717948718,False,True
V0188,2023Q3,B,38.095238095238095,False,True
V0188,2023Q4,B,14.57431457431457,False,True
V0188,2024Q3,B,22.020202020202014,False,True
V0188,2024Q4,B,56.71717171717171,True,False
V0188,2025Q2,B,26.837606837606835,False,True
V0189,2023Q3,B,90.47619047619048,True,False
V0189,2024Q3,B,5.5555555555555545,False,True
V0190,2023Q3,B,70.69597069597069,True,False
V0190,2023Q4,B,86.08058608058609,True,False
V0190,2024Q3,B,32.30769230769231,False,True
V0190,2024Q4,B,81.92307692307692,True,False
V0190,2025Q2,B,82.05128205128204,True,False
V0191,2023Q3,A,98.12889812889813,True,False
V0191,2023Q4,A,41.01887601887602,False,True
V0191,2024Q1,A,37.36894036894037,False,True
V0191,2024Q2,A,56.70310554456896,True,False
V0191,2024Q3,B,13.333333333333336,False,True
V0192,2023Q3,B,74.60647460647462,True,False
V0192,2024Q2,B,72.28335277115765,True,False
V0192,2024Q3,B,41.92307692307692,False,True
V0192,2024Q4,B,39.230769230769226,False,True
V0192,2025Q2,B,2.564102564102564,False,True
V0192,2025Q3,C,73.07692307692308,True,False
V0192,2025Q4,B,7.894736842105263,False,True
V0193,2023Q3,C,33.92857142857143,False,True
V0193,2023Q4,C,70.83333333333333,True,False
V0193,2024Q4,C,70.625,True,False
V0193,2025Q2,C,35.8974358974359,False,True
V0193,2025Q4,C,61.18421052631579,True,False
V0194,2023Q3,B,33.88773388773389,False,True
V0194,2023Q4,B,75.22027522027523,True,False
V0194,2024Q1,B,2.6037026037026036,False,True
V0194,2024Q3,B,56.15384615384615,True,False
V0194,2024Q4,B,13.076923076923077,False,True
V0194,2025Q1,B,3.4615384615384612,False,True
V0195,2023Q4,A,64.86572286572286,True,False
V0195,2024Q1,A,41.99957099957099,False,True
V0195,2024Q2,A,35.66776532630192,False,True
V0195,2024Q4,A,63.333333333333336,True,False
V0195,2025Q2,A,96.73659673659672,True,False
V0196,2023Q3,B,36.904761904761905,False,True
V0196,2024Q1,B,80.40404040404039,True,False
V0196,2024Q3,B,96.76767676767675,True,False
V0197,2023Q3,B,95.23809523809523,True,False
V0197,2023Q4,B,16.738816738816737,False,True
V0197,2025Q1,B,57.92929292929293,True,False
V0197,2025Q2,B,30.101010101010093,False,True
V0197,2025Q4,B,73.3545986177565,True,False
V0198,2023Q3,B,89.28571428571428,True,False
V0198,2024Q3,B,39.04040404040403,False,True
V0200,2023Q3,C,30.357142857142858,False,True
V0200,2023Q4,C,71.42857142857143,True,False
V0200,2024Q1,C,69.04761904761904,True,False
V0200,2024Q2,C,25.609756097560975,False,True
V0200,2024Q4,C,59.375,True,False
V0200,2025Q1,C,26.25,False,True
V0200,2025Q2,C,26.923076923076923,False,True
V0201,2024Q3,C,60.0,True,False
V0201,2025Q2,C,42.94871794871795,False,True
V0201,2025Q4,C,29.605263157894736,False,True
V0202,2023Q3,B,28.57142857142857,False,True
V0202,2023Q4,B,16.47907647907648,False,True
V0202,2024Q1,B,61.125541125541126,True,False
V0202,2024Q2,B,67.17418083271741,True,False
V0202,2024Q3,B,42.92929292929292,False,True
V0202,2024Q4,B,70.85858585858587,True,False
V0203,2023Q3,A,13.424413424413427,False,True
V0203,2024Q1,A,70.81381381381382,True,False
V0203,2024Q2,A,71.00571303010327,True,False
V0203,2024Q4,A,41.94444444444444,False,True
V0203,2025Q2,A,85.05050505050504,True,False
V0203,2025Q4,A,99.99999999999999,True,False
V0204,2023Q3,B,22.61904761904762,False,True
V0204,2024Q1,B,85.85858585858587,True,False
V0204,2024Q2,B,40.519832471051984,False,True
V0204,2024Q3,B,25.4040404040404,False,True
V0204,2024Q4,B,83.53535353535352,True,False
V0204,2025Q4,B,19.98936735778841,False,True
V0205,2023Q4,C,33.33333333333333,False,True
V0205,2024Q3,C,63.125,True,False
V0205,2024Q4,C,33.125,False,True
V0206,2023Q3,B,85.71428571428571,True,False
V0206,2025Q2,B,76.92307692307692,True,False
V0207,2023Q3,B,23.809523809523807,False,True
V0207,2024Q1,B,64.90620490620489,True,False
V0207,2024Q3,B,83.63636363636363,True,False
V0207,2025Q2,B,78.36829836829835,True,False
V0208,2023Q3,B,92.85714285714286,True,False
V0208,2023Q4,B,21.933621933621932,False,True
V0208,2024Q2,B,72.42177876324216,True,False
V0208,2024Q3,B,86.81818181818181,True,False
V0208,2024Q4,B,95.85858585858584,True,False
V0209,2023Q3,C,66.66666666666666,True,False
V0209,2024Q1,C,33.33333333333333,False,True
V0210,2023Q3,A,37.06563706563707,False,True
V0210,2023Q4,A,82.75418275418275,True,False
V0210,2024Q1,A,80.24431574431574,True,False
V0210,2025Q2,A,40.66822066822066,False,True
V0210,2025Q3,B,23.325563325563326,False,True
V0211,2023Q4,B,79.82377982377983,True,False
V0211,2024Q2,B,27.32112976015415,False,True
V0211,2024Q4,B,8.076923076923077,False,True
V0211,2025Q1,B,72.6923076923077,True,False
V0211,2025Q4,B,17.105263157894736,False,True
V0212,2023Q3,B,71.42857142857143,True,False
V0212,2023Q4,B,15.440115440115436,False,True
V0213,2023Q4,C,26.11111111111111,False,True
V0214,2023Q4,B,69.78354978354977,True,False
V0214,2024Q1,B,83.72294372294373,True,False
V0214,2024Q2,B,33.9640305493964,False,True
V0214,2024Q4,B,72.27272727272727,True,False
V0214,2025Q3,B,84.95726495726495,True,False
V0215,2023Q4,B,33.24675324675325,False,True
V0215,2024Q1,B,14.516594516594518,False,True
V0215,2025Q4,B,69.71823498139287,True,False
V0216,2025Q1,C,31.25,False,True
V0217,2023Q4,B,30.52173052173052,False,True
V0217,2024Q1,B,63.06306306306307,True,False
V0217,2024Q2,B,63.63267582779778,True,False
V0217,2025Q1,B,37.30769230769231,False,True
V0217,2025Q2,B,83.33333333333333,True,False
V0217,2025Q3,C,39.743589743589745,False,True
V0217,2025Q4,B,43.42105263157895,False,True
V0219,2023Q3,B,30.313830313830316,False,True
V0219,2023Q4,B,81.32858132858134,True,False
V0219,2024Q2,B,89.13848182140865,True,False
V0219,2025Q2,B,20.51282051282051,False,True
V0219,2025Q4,B,13.157894736842106,False,True
V0220,2023Q3,C,30.405405405405403,False,True
V0220,2023Q4,C,27.7027027027027,False,True
V0220,2024Q1,C,64.1891891891892,True,False
V0220,2024Q3,C,43.05555555555556,False,True
V0220,2025Q1,C,72.22222222222223,True,False
V0221,2023Q3,A,69.03276903276902,True,False
V0221,2025Q1,A,61.611111111111114,True,False
V0221,2025Q2,A,62.45532245532245,True,False
V0222,2024Q3,C,42.5,False,True
V0223,2023Q3,B,11.904761904761903,False,True
V0223,2023Q4,B,77.67676767676767,True,False
V0223,2024Q1,B,77.48917748917748,True,False
V0223,2024Q4,B,42.17171717171716,False,True
V0223,2025Q2,B,80.21756021756022,True,False
V0224,2024Q2,C,39.63414634146341,False,True
V0224,2024Q3,C,25.625,False,True
V0224,2024Q4,C,67.5,True,False
V0224,2025Q4,C,26.973684210526315,False,True
V0225,2023Q3,B,88.09523809523807,True,False
V0225,2024Q1,B,31.313131313131308,False,True
V0225,2024Q2,C,31.666666666666668,False,True
V0226,2024Q1,B,40.88023088023087,False,True
V0226,2024Q2,B,92.65336289726532,True,False
V0226,2025Q2,B,15.47785547785548,False,True
V0227,2023Q3,C,64.28571428571428,True,False
V0227,2023Q4,C,26.19047619047619,False,True
V0227,2024Q1,C,73.80952380952381,True,False
V0227,2024Q2,C,26.21951219512195,False,True
V0227,2024Q3,C,70.625,True,False
V0227,2025Q4,C,70.39473684210526,True,False
V0229,2023Q3,B,64.76586476586478,True,False
V0229,2024Q1,B,29.165429165429163,False,True
V0229,2024Q2,B,81.27376907864712,True,False
V0229,2024Q4,B,28.846153846153847,False,True
V0229,2025Q2,B,93.58974358974359,True,False
V0229,2025Q3,C,40.38461538461539,False,True
V0229,2025Q4,B,88.1578947368421,True,False
V0230,2024Q3,B,86.2121212121212,True,False
V0232,2023Q3,C,70.83333333333333,True,False
V0232,2023Q4,C,36.30952380952381,False,True
V0232,2025Q2,C,75.0,True,False
V0232,2025Q3,C,41.666666666666664,False,True
V0233,2023Q4,A,94.10725010725011,True,False
V0233,2025Q1,A,83.30555555555557,True,False
V0233,2025Q2,A,43.480963480963474,False,True
V0233,2025Q3,B,17.28049728049728,False,True
V0233,2025Q4,A,11.461988304093568,False,True
V0234,2024Q1,A,23.445731445731447,False,True
V0234,2024Q2,A,11.743316487218925,False,True
V0234,2025Q1,A,21.861111111111114,False,True
V0235,2023Q3,B,26.190476190476193,False,True
V0235,2024Q4,B,35.20202020202019,False,True
V0235,2025Q1,B,64.8989898989899,True,False
V0235,2025Q2,B,80.76146076146074,True,False
V0235,2025Q4,B,43.466241360978195,False,True
V0236,2024Q1,B,8.543708543708545,False,True
V0236,2024Q3,B,70.76923076923077,True,False
V0236,2025Q1,B,25.384615384615383,False,True
V0236,2025Q2,B,26.923076923076923,False,True
V0236,2025Q3,C,63.46153846153847,True,False
V0236,2025Q4,B,63.1578947368421,True,False
V0237,2023Q3,A,84.90248490248491,True,False
V0237,2023Q4,A,22.263406263406267,False,True
V0237,2024Q1,A,13.178035178035179,False,True
V0238,2024Q2,A,13.384604116311433,False,True
V0239,2023Q4,C,31.756756756756758,False,True
V0239,2024Q2,C,58.78378378378378,True,False
V0239,2024Q3,C,70.83333333333334,True,False
V0239,2024Q4,C,27.77777777777778,False,True
V0240,2023Q3,C,64.88095238095238,True,False
V0240,2023Q4,C,30.357142857142858,False,True
V0240,2025Q1,C,26.875,False,True
V0240,2025Q2,C,67.94871794871794,True,False
V0241,2023Q3,B,15.94891594891595,False,True
V0241,2023Q4,B,81.85328185328184,True,False
V0241,2024Q1,B,72.17107217107218,True,False
V0241,2024Q2,B,10.86151817859135,False,True
V0241,2024Q4,B,71.15384615384615,True,False
V0241,2025Q3,C,35.256410256410255,False,True
V0241,2025Q4,B,26.315789473684212,False,True
V0242,2023Q3,C,73.80952380952381,True,False
V0242,2024Q2,C,62.19512195121951,True,False
V0242,2024Q4,C,28.125,False,True
V0242,2025Q1,C,74.375,True,False
V0242,2025Q2,C,30.128205128205128,False,True
V0242,2025Q3,C,69.23076923076923,True,False
V0243,2024Q3,C,64.375,True,False
V0243,2025Q2,C,32.05128205128205,False,True
V0244,2024Q2,C,73.64864864864865,True,False
V0244,2024Q3,C,29.166666666666664,False,True
V0244,2024Q4,C,75.0,True,False
V0245,2023Q4,C,43.45238095238095,False,True
V0245,2024Q2,C,61.58536585365854,True,False
V0245,2024Q4,C,44.375,False,True
V0245,2025Q1,C,72.5,True,False
V0245,2025Q4,C,35.526315789473685,False,True
V0246,2023Q3,B,19.443619443619443,False,True
V0246,2024Q4,B,70.38461538461539,True,False
V0246,2025Q1,B,83.46153846153845,True,False
V0247,2023Q3,A,30.482130482130483,False,True
V0247,2023Q4,A,82.11711711711712,True,False
V0247,2024Q1,A,29.701415701415705,False,True
V0247,2024Q3,A,20.777777777777782,False,True
V0248,2023Q3,A,38.52093852093852,False,True
V0248,2024Q1,A,81.23015873015873,True,False
V0248,2025Q3,B,85.4079254079254,True,False
V0249,2023Q3,C,74.4047619047619,True,False
V0249,2024Q1,C,32.14285714285714,False,True
V0249,2024Q2,C,68.90243902439025,True,False
V0249,2024Q4,C,70.0,True,False
V0249,2025Q1,C,33.75,False,True
V0250,2023Q3,B,8.333333333333332,False,True
V0250,2024Q2,B,19.450603596945058,False,True
V0250,2025Q2,B,6.107226107226107,False,True
V0251,2023Q3,B,57.192357192357186,True,False
V0251,2023Q4,B,23.314523314523317,False,True
V0251,2024Q1,B,24.77972477972478,False,True
V0251,2024Q3,B,65.0,True,False
V0251,2025Q1,B,90.76923076923076,True,False
V0251,2025Q2,B,6.41025641025641,False,True
V0251,2025Q3,C,32.05128205128205,False,True
V0251,2025Q4,B,2.631578947368421,False,True
V0252,2024Q2,A,56.32622866769208,True,False
V0252,2024Q4,A,26.88888888888889,False,True
V0253,2024Q1,B,44.58964458964459,False,True
V0253,2024Q3,B,25.0,False,True
V0253,2024Q4,B,80.38461538461539,True,False
V0253,2025Q2,B,98.71794871794873,True,False
V0253,2025Q3,C,39.1025641025641,False,True
V0253,2025Q4,B,97.36842105263158,True,False
V0254,2023Q3,A,78.15067815067816,True,False
V0254,2024Q1,A,92.20248820248821,True,False
V0254,2024Q4,A,82.72222222222221,True,False
V0254,2025Q1,A,40.47222222222222,False,True
V0254,2025Q3,B,75.6021756021756,True,False
V0255,2023Q4,B,68.97546897546897,True,False
V0255,2024Q4,B,61.01010101010101,True,False
V0255,2025Q2,B,84.47552447552448,True,False
V0256,2023Q4,C,63.69047619047619,True,False
V0256,2024Q3,C,38.75,False,True
V0256,2025Q1,C,61.25,True,False
V0256,2025Q2,C,31.41025641025641,False,True
V0256,2025Q3,C,61.53846153846153,True,False
V0257,2024Q2,B,20.96242584047462,False,True
V0257,2024Q3,B,76.15384615384616,True,False
V0257,2024Q4,B,92.6923076923077,True,False
V0257,2025Q1,B,44.230769230769226,False,True
V0257,2025Q3,C,41.02564102564102,False,True
V0258,2023Q3,B,96.42857142857143,True,False
V0258,2024Q1,B,87.93650793650794,True,False
V0258,2024Q2,B,91.15545700911552,True,False
V0258,2025Q2,B,16.394716394716394,False,True
V0258,2025Q3,B,7.505827505827506,False,True
V0259,2023Q4,B,8.098208098208097,False,True
V0259,2024Q1,B,61.67706167706167,True,False
V0259,2024Q3,B,88.46153846153845,True,False
V0259,2024Q4,B,14.615384615384615,False,True
V0260,2023Q3,C,29.054054054054056,False,True
V0260,2023Q4,C,64.1891891891892,True,False
V0260,2024Q1,C,69.5945945945946,True,False
V0260,2024Q3,C,41.666666666666664,False,True
V0261,2024Q1,C,57.73809523809524,True,False
V0261,2024Q3,C,32.5,False,True
V0262,2023Q3,B,77.012177012177,True,False
V0262,2024Q1,B,31.412731412731414,False,True
V0262,2024Q2,B,25.095076314588514,False,True
V0262,2024Q3,B,90.38461538461539,True,False
V0262,2024Q4,B,80.38461538461539,True,False
V0263,2023Q3,B,80.95238095238095,True,False
V0263,2023Q4,B,90.44733044733044,True,False
V0263,2024Q4,B,4.191919191919191,False,True
V0263,2025Q3,B,22.610722610722608,False,True
V0264,2023Q4,B,55.483405483405484,True,False
V0264,2024Q1,B,34.96392496392496,False,True
V0264,2024Q2,B,72.78147326927814,True,False
V0264,2024Q3,B,89.89898989898988,True,False
V0264,2025Q3,B,90.10101010101009,True,False
V0264,2025Q4,B,85.2950558213716,True,False
V0265,2023Q3,C,38.69047619047619,False,True
V0265,2023Q4,C,36.904761904761905,False,True
V0265,2024Q2,C,67.6829268292683,True,False
V0265,2024Q3,C,29.375,False,True
V0265,2025Q1,C,67.5,True,False
V0265,2025Q3,C,33.97435897435898,False,True
V0265,2025Q4,C,28.289473684210527,False,True
V0266,2023Q4,C,68.33333333333334,True,False
V0266,2024Q4,C,35.0,False,True
V0266,2025Q1,C,26.11111111111111,False,True
V0267,2023Q3,A,59.68715968715969,True,False
V0267,2024Q1,A,27.16194766194766,False,True
V0267,2024Q4,A,79.69444444444444,True,False
V0267,2025Q1,A,77.0,True,False
V0268,2023Q3,B,32.828432828432824,False,True
V0268,2024Q1,B,66.76566676566677,True,False
V0268,2024Q2,B,19.096394706150804,False,True
V0268,2024Q3,B,89.23076923076923,True,False
V0268,2024Q4,B,35.0,False,True
V0268,2025Q2,B,79.48717948717949,True,False
V0268,2025Q4,B,40.78947368421053,False,True
V0269,2024Q1,C,61.904761904761905,True,False
V0270,2023Q3,A,25.314325314325313,False,True
V0270,2023Q4,A,81.08193908193908,True,False
V0270,2024Q2,A,23.483703215410536,False,True
V0271,2023Q4,A,44.827586206896555,False,True
V0271,2024Q2,A,72.73491379310344,True,False
V0271,2024Q3,A,81.22844827586206,True,False
V0271,2024Q4,A,23.291187739463602,False,True
V0271,2025Q1,A,67.57953281423804,True,False
V0272,2023Q3,C,26.492537313432834,False,True
V0272,2023Q4,C,68.84615384615384,True,False
V0272,2024Q2,C,37.5,False,True
V0273,2023Q3,C,34.701492537313435,False,True
V0273,2023Q4,C,31.153846153846153,False,True
V0273,2024Q1,C,75.0,True,False
V0273,2024Q2,C,25.78125,False,True
V0273,2024Q3,C,65.625,True,False
V0273,2025Q2,C,26.694915254237287,False,True
V0273,2025Q3,C,70.61403508771929,True,False
V0273,2025Q4,C,31.140350877192983,False,True
V0274,2023Q3,B,34.32835820895522,False,True
V0274,2024Q1,B,23.119122257053288,False,True
V0274,2024Q3,B,67.55485893416927,True,False
V0274,2024Q4,B,41.79230730954869,False,True
V0274,2025Q1,B,4.540398422489634,False,True
V0275,2023Q3,A,81.63030998851895,True,False
V0275,2024Q2,A,94.81681034482759,True,False
V0275,2025Q4,A,23.694494857834243,False,True
V0276,2023Q3,B,70.1492537313433,True,False
V0276,2023Q4,B,66.52519893899203,True,False
V0276,2024Q4,B,76.67313529382494,True,False
V0276,2025Q3,B,73.99769015014023,True,False
V0277,2023Q4,C,30.384615384615387,False,True
V0277,2024Q1,C,64.84375,True,False
V0277,2025Q2,C,61.440677966101696,True,False
V0277,2025Q3,C,33.771929824561404,False,True
V0278,2024Q2,C,39.84375,False,True
V0278,2024Q4,C,28.96825396825397,False,True
V0278,2025Q1,C,60.483870967741936,True,False
V0278,2025Q2,C,63.983050847457626,True,False
V0278,2025Q4,C,39.03508771929825,False,True
V0279,2023Q3,B,80.59701492537312,True,False
V0279,2024Q2,B,29.80015673981191,False,True
V0279,2024Q3,B,10.148902821316614,False,True
V0279,2025Q2,B,69.92189575474204,True,False
V0279,2025Q4,B,36.84760490568112,False,True
V0280,2024Q2,B,20.47413793103448,False,True
V0280,2025Q1,B,20.65931843462433,False,True
V0280,2025Q2,B,13.288348121778863,False,True
V0281,2023Q3,C,31.71641791044776,False,True
V0281,2024Q1,C,64.0625,True,False
V0281,2024Q2,C,31.25,False,True
V0281,2025Q3,C,35.526315789473685,False,True
V0282,2023Q3,B,22.388059701492537,False,True
V0282,2023Q4,B,88.8111888111888,True,False
V0282,2024Q1,B,33.34639498432602,False,True
V0282,2024Q2,B,42.789968652037615,False,True
V0282,2025Q1,B,64.30377186773183,True,False
V0282,2025Q4,B,38.88797228180167,False,True
V0283,2024Q1,C,68.75,True,False
V0283,2024Q3,C,32.03125,False,True
V0283,2024Q4,C,65.47619047619048,True,False
V0283,2025Q4,C,37.280701754385966,False,True
V0284,2024Q3,C,29.6875,False,True
V0284,2025Q2,C,74.15254237288136,True,False
V0286,2023Q3,B,7.462686567164178,False,True
V0286,2024Q3,B,87.73510971786834,True,False
V0287,2023Q3,B,92.5373134328358,True,False
V0287,2024Q1,B,93.74999999999999,True,False
V0287,2024Q4,B,36.25914315569487,False,True
V0287,2025Q2,C,30.17241379310345,False,True
V0287,2025Q3,C,30.17241379310345,False,True
V0288,2023Q3,C,33.95522388059702,False,True
V0288,2023Q4,C,73.46153846153847,True,False
V0288,2024Q1,C,34.375,False,True
V0288,2024Q2,C,34.375,False,True
V0288,2024Q3,C,72.65625,True,False
V0288,2025Q3,C,29.385964912280702,False,True
V0289,2024Q3,C,71.875,True,False
V0289,2024Q4,C,38.492063492063494,False,True
V0289,2025Q2,C,32.62711864406779,False,True
V0291,2023Q3,B,74.6268656716418,True,False
V0291,2025Q4,B,83.00610460320078,True,False
V0292,2023Q4,C,38.07692307692308,False,True
V0292,2024Q1,C,72.65625,True,False
V0292,2025Q1,C,34.67741935483871,False,True
V0293,2024Q3,B,44.43573667711598,False,True
V0293,2025Q1,B,64.13186368692485,True,False
V0293,2025Q3,B,39.371940823846444,False,True
V0294,2023Q3,C,25.746268656716417,False,True
V0294,2023Q4,C,75.0,True,False
V0294,2024Q1,C,32.8125,False,True
V0294,2024Q3,C,64.84375,True,False
V0296,2023Q4,C,25.76923076923077,False,True
V0296,2024Q1,C,63.28125,True,False
V0296,2025Q1,C,66.93548387096774,True,False
V0296,2025Q2,C,31.779661016949152,False,True
V0296,2025Q3,C,68.85964912280701,True,False
V0297,2024Q4,C,36.111111111111114,False,True
V0297,2025Q3,C,67.10526315789474,True,False
V0297,2025Q4,C,29.385964912280702,False,True
V0298,2023Q3,C,69.77611940298507,True,False
V0298,2024Q3,C,28.125,False,True
V0299,2023Q3,B,83.5820895522388,True,False
V0299,2024Q2,B,30.701410658307207,False,True
V0299,2025Q1,B,73.75872181211446,True,False
V0299,2025Q2,B,90.75500770416025,True,False
V0299,2025Q3,B,99.99999999999999,True,False
V0300,2024Q2,B,63.28369905956112,True,False
V0300,2024Q3,B,24.275078369905955,False,True
V0300,2024Q4,B,5.6575608299746225,False,True
V0301,2023Q4,A,16.94031830238727,False,True
V0301,2024Q1,A,12.642241379310345,False,True
V0301,2024Q4,A,63.066502463054185,True,False
V0301,2025Q1,A,21.121802002224694,False,True
V0301,2025Q2,A,26.302746931618934,False,True
V0302,2023Q3,C,29.47761194029851,False,True
V0302,2024Q1,C,28.90625,False,True
V0302,2024Q2,C,67.1875,True,False
V0302,2024Q3,C,64.0625,True,False
V0302,2025Q1,C,29.032258064516128,False,True
V0302,2025Q2,C,72.45762711864407,True,False
V0303,2023Q3,C,59.32835820895522,True,False
V0303,2024Q1,C,30.46875,False,True
V0303,2024Q3,C,63.28125,True,False
V0303,2025Q1,C,72.58064516129033,True,False
V0304,2023Q3,B,73.13432835820896,True,False
V0304,2023Q4,B,11.639739570774054,False,True
V0304,2024Q1,B,15.144984326018808,False,True
V0305,2023Q3,B,95.52238805970148,True,False
V0305,2024Q2,B,95.53291536050155,True,False
V0305,2025Q2,C,33.62068965517241,False,True
V0305,2025Q3,C,26.724137931034484,False,True
V0306,2023Q3,B,23.88059701492537,False,True
V0306,2023Q4,B,62.522305280925956,True,False
V0306,2024Q2,B,88.06818181818181,True,False
V0307,2023Q3,C,27.238805970149254,False,True
V0307,2023Q4,C,56.53846153846153,True,False
V0308,2023Q4,C,28.076923076923077,False,True
V0308,2024Q1,C,62.5,True,False
V0308,2024Q2,C,74.21875,True,False
V0308,2024Q3,C,31.25,False,True
V0308,2025Q1,C,61.29032258064516,True,False
V0308,2025Q2,C,75.0,True,False
V0308,2025Q3,C,44.29824561403508,False,True
V0309,2023Q3,C,68.28358208955223,True,False
V0309,2023Q4,C,34.23076923076923,False,True
V0309,2024Q3,C,75.0,True,False
V0309,2024Q4,C,74.20634920634922,True,False
V0309,2025Q3,C,42.54385964912281,False,True
V0309,2025Q4,C,75.0,True,False
V0310,2023Q3,C,27.98507462686567,False,True
V0310,2023Q4,C,71.15384615384616,True,False
V0310,2025Q1,C,37.09677419354839,False,True
V0310,2025Q2,C,34.32203389830509,False,True
V0310,2025Q3,C,66.2280701754386,True,False
V0310,2025Q4,C,30.263157894736842,False,True
V0311,2023Q3,B,11.940298507462686,False,True
V0311,2024Q3,B,71.17946708463948,True,False
V0311,2024Q4,B,80.95238095238095,True,False
V0312,2023Q3,B,14.925373134328357,False,True
V0312,2024Q1,B,56.87695924764889,True,False
V0312,2025Q3,B,42.484738491998016,False,True
V0313,2024Q1,C,71.875,True,False
V0313,2024Q2,C,29.6875,False,True
V0313,2025Q2,C,57.20338983050847,True,False
V0314,2023Q3,C,37.6865671641791,False,True
V0314,2024Q3,C,27.34375,False,True
V0314,2024Q4,C,71.82539682539682,True,False
V0314,2025Q4,C,35.526315789473685,False,True
V0315,2024Q1,C,41.40625,False,True
V0315,2024Q3,C,74.21875,True,False
V0315,2024Q4,C,28.174603174603174,False,True
V0315,2025Q3,C,57.45614035087719,True,False
V0316,2023Q3,C,70.52238805970148,True,False
V0316,2024Q4,C,60.714285714285715,True,False
V0316,2025Q1,C,30.64516129032258,False,True
V0317,2025Q1,C,29.838709677419356,False,True
V0317,2025Q2,C,64.83050847457628,True,False
V0317,2025Q3,C,64.47368421052632,True,False
V0318,2023Q3,C,63.059701492537314,True,False
V0318,2023Q4,C,32.69230769230769,False,True
V0318,2024Q1,C,69.53125,True,False
V0318,2024Q2,C,35.15625,False,True
V0318,2024Q3,C,36.71875,False,True
V0318,2025Q1,C,62.903225806451616,True,False
V0318,2025Q2,C,71.61016949152543,True,False
V0319,2023Q3,B,26.865671641791046,False,True
V0319,2023Q4,B,78.44224740776465,True,False
V0319,2024Q1,B,84.24764890282131,True,False
V0319,2024Q2,B,29.663009404388713,False,True
V0319,2025Q2,B,28.797619680144518,False,True
V0319,2025Q3,B,72.23780454270471,True,False
V0319,2025Q4,B,71.59984601000933,True,False
V0320,2024Q3,C,33.59375,False,True
V0322,2023Q3,C,74.25373134328359,True,False
V0322,2023Q4,C,36.53846153846154,False,True
V0322,2024Q1,C,39.0625,False,True
V0322,2024Q2,C,70.3125,True,False
V0322,2024Q3,C,73.4375,True,False
V0323,2023Q3,B,77.61194029850746,True,False
V0323,2024Q1,B,40.06661442006269,False,True
V0323,2024Q3,B,16.242163009404386,False,True
V0323,2025Q1,B,65.87116998685407,True,False
V0324,2023Q3,C,73.50746268656718,True,False
V0324,2023Q4,C,39.61538461538461,False,True
V0324,2024Q2,C,75.0,True,False
V0324,2024Q3,C,39.84375,False,True
V0325,2023Q3,B,16.417910447761194,False,True
V0325,2023Q4,B,61.44682903303592,True,False
V0325,2024Q2,B,65.30172413793102,True,False
V0326,2024Q1,C,65.625,True,False
V0326,2024Q2,C,28.125,False,True
V0326,2024Q3,C,71.09375,True,False
V0326,2025Q1,C,36.29032258064516,False,True
V0326,2025Q2,C,73.30508474576271,True,False
V0327,2023Q3,C,35.44776119402985,False,True
V0327,2023Q4,C,38.84615384615385,False,True
V0327,2024Q1,C,58.59375,True,False
V0327,2024Q4,C,72.61904761904762,True,False
V0327,2025Q1,C,31.451612903225808,False,True
V0327,2025Q2,C,69.0677966101695,True,False
V0327,2025Q4,C,34.64912280701754,False,True
V0328,2023Q4,C,69.61538461538461,True,False
V0328,2024Q1,C,27.34375,False,True
V0328,2025Q2,C,27.54237288135593,False,True
V0329,2023Q3,B,40.0,False,True
V0329,2024Q1,B,59.331896551724135,True,False
V0329,2024Q4,B,43.620689655172406,False,True
V0329,2025Q3,B,79.69827586206897,True,False
V0330,2023Q4,A,72.40583554376659,True,False
V0330,2024Q2,A,32.23275862068965,False,True
V0330,2024Q4,A,84.39627805145045,True,False
V0330,2025Q1,A,80.70967741935485,True,False
V0331,2023Q3,C,75.0,True,False
V0331,2024Q4,C,32.93650793650794,False,True
V0331,2025Q1,C,70.96774193548387,True,False
V0331,2025Q3,C,37.280701754385966,False,True
V0332,2023Q3,C,67.53731343283582,True,False
V0332,2024Q4,C,59.92063492063492,True,False
V0332,2025Q2,C,66.52542372881355,True,False
V0332,2025Q3,C,36.40350877192982,False,True
V0333,2023Q3,C,64.55223880597015,True,False
V0334,2023Q3,C,72.01492537313433,True,False
V0334,2023Q4,C,67.3076923076923,True,False
V0334,2024Q1,C,31.25,False,True
V0334,2024Q2,C,72.65625,True,False
V0334,2024Q4,C,44.84126984126984,False,True
V0335,2023Q3,B,82.08955223880598,True,False
V0335,2023Q4,B,42.33904027007475,False,True
V0335,2024Q3,B,25.27429467084639,False,True
V0335,2024Q4,B,71.47335423197491,True,False
V0335,2025Q3,B,22.4797888137271,False,True
V0336,2023Q3,C,43.656716417910445,False,True
V0336,2023Q4,C,28.846153846153847,False,True
V0336,2024Q1,C,60.15625,True,False
V0336,2024Q2,C,67.96875,True,False
V0336,2024Q3,C,40.625,False,True
V0336,2025Q1,C,32.25806451612903,False,True
V0336,2025Q2,C,63.13559322033898,True,False
V0336,2025Q4,C,70.61403508771929,True,False
V0337,2024Q2,C,37.06896551724138,False,True
V0337,2024Q4,C,59.48275862068966,True,False
V0338,2023Q3,B,10.44776119402985,False,True
V0338,2024Q1,B,70.9051724137931,True,False
V0338,2024Q2,B,21.45376175548589,False,True
V0338,2025Q3,B,71.03888247263927,True,False
V0339,2024Q3,B,80.42711598746081,True,False
V0339,2025Q1,B,19.31438972595813,False,True
V0339,2025Q3,B,71.11587746796457,True,False
V0340,2023Q4,C,26.53846153846154,False,True
V0340,2024Q1,C,73.4375,True,False
V0340,2025Q3,C,69.73684210526315,True,False
V0341,2023Q4,C,33.82352941176471,False,True
V0341,2024Q2,C,63.23529411764706,True,False
V0341,2024Q4,C,33.82352941176471,False,True
V0341,2025Q1,C,67.1875,True,False
V0341,2025Q2,C,26.612903225806452,False,True
V0342,2023Q4,B,31.248876370827585,False,True
V0342,2024Q2,B,80.54773176724396,True,False
V0342,2024Q3,B,85.09248853385171,True,False
V0342,2024Q4,B,40.50935323693825,False,True
V0342,2025Q1,B,28.335724533715922,False,True
V0342,2025Q2,B,65.05804095474109,True,False
V0343,2024Q3,B,64.67179073947808,True,False
V0343,2025Q1,B,14.536199095022624,False,True
V0344,2023Q4,C,28.37837837837838,False,True
V0344,2024Q1,C,58.78378378378378,True,False
V0344,2024Q3,C,66.0958904109589,True,False
V0345,2023Q3,B,6.756756756756757,False,True
V0345,2023Q4,B,60.06472104033079,True,False
V0345,2024Q1,B,71.88230358962066,True,False
V0345,2024Q3,B,41.712480636637004,False,True
V0345,2025Q1,B,66.4014608060519,True,False
V0345,2025Q2,B,23.164210251728186,False,True
V0345,2025Q3,B,21.947910116821653,False,True
V0345,2025Q4,B,5.901415657513218,False,True
V0346,2023Q3,C,33.78378378378378,False,True
V0346,2024Q2,C,29.054054054054056,False,True
V0346,2024Q3,C,72.26027397260273,True,False
V0346,2025Q2,C,26.470588235294116,False,True
V0346,2025Q3,C,62.3134328358209,True,False
V0346,2025Q4,C,59.61538461538461,True,False
V0347,2023Q3,A,65.24397700868289,True,False
V0347,2024Q1,A,7.996432587537321,False,True
V0347,2025Q4,A,15.206767160509802,False,True
V0348,2023Q3,C,38.513513513513516,False,True
V0348,2024Q3,C,72.94520547945206,True,False
V0349,2024Q1,A,39.48224049013145,False,True
V0349,2024Q4,A,61.458261765716244,True,False
V0349,2025Q1,A,33.30209827833573,False,True
V0349,2025Q2,A,19.496690887212477,False,True
V0350,2024Q2,C,27.027027027027028,False,True
V0350,2025Q2,C,25.735294117647058,False,True
V0350,2025Q3,C,67.53731343283582,True,False
V0350,2025Q4,C,28.076923076923077,False,True
V0351,2023Q3,A,34.542008071419836,False,True
V0351,2024Q2,A,16.321784481755788,False,True
V0352,2023Q4,B,73.51718234071176,True,False
V0352,2024Q3,B,90.94092853158122,True,False
V0353,2023Q3,C,65.54054054054055,True,False
V0353,2023Q4,C,72.97297297297297,True,False
V0353,2024Q1,C,32.432432432432435,False,True
V0353,2024Q3,C,26.36986301369863,False,True
V0354,2023Q3,B,90.54054054054053,True,False
V0354,2024Q1,B,29.98142266434949,False,True
V0354,2024Q2,B,35.332893869479236,False,True
V0354,2024Q4,B,81.37472283813746,True,False
V0355,2023Q3,B,4.054054054054054,False,True
V0355,2024Q3,B,81.45369498526864,True,False
V0355,2025Q1,B,30.33781139950437,False,True
V0355,2025Q3,B,59.9844458417447,True,False
V0355,2025Q4,B,71.43100801637388,True,False
V0356,2023Q3,A,90.52219640454935,True,False
V0356,2025Q4,A,10.197127515041728,False,True
V0357,2023Q3,B,68.91891891891892,True,False
V0357,2023Q4,B,30.391921855336484,False,True
V0357,2024Q1,B,18.67621501767843,False,True
V0357,2025Q1,B,67.5361940785183,True,False
V0357,2025Q2,B,86.63101604278074,True,False
V0358,2023Q3,B,14.864864864864865,False,True
V0358,2023Q4,B,84.73961766644693,True,False
V0358,2024Q1,B,94.43878468268711,True,False
V0358,2024Q4,B,35.96077574092002,False,True
V0358,2025Q1,B,25.459762619016566,False,True
V0358,2025Q2,B,11.451676014086342,False,True
V0359,2023Q3,A,25.565610859728505,False,True
V0359,2024Q1,A,66.75084338283764,True,False
V0359,2025Q2,A,69.06303512750497,True,False
V0359,2025Q3,A,43.04914452129596,False,True
V0360,2023Q3,B,12.162162162162163,False,True
V0360,2024Q4,B,86.65250929077791,True,False
V0361,2023Q3,C,37.83783783783784,False,True
V0361,2024Q4,C,66.54929577464789,True,False
V0362,2024Q1,C,29.72972972972973,False,True
V0363,2023Q3,B,62.932615873792344,True,False
V0363,2023Q4,B,31.1299987770576,False,True
V0363,2024Q2,B,67.82438547144429,True,False
V0363,2025Q1,B,88.98472850678733,True,False
V0363,2025Q2,B,32.944095752444895,False,True
V0364,2023Q3,B,77.02702702702703,True,False
V0364,2024Q1,B,76.20303230059326,True,False
V0364,2024Q3,B,42.32603347204081,False,True
V0364,2025Q1,B,60.24520673014216,True,False
V0365,2024Q1,C,67.56756756756756,True,False
V0365,2024Q2,C,32.432432432432435,False,True
V0365,2024Q3,C,67.46575342465754,True,False
V0365,2025Q1,C,27.205882352941178,False,True
V0367,2024Q1,B,91.25666686642296,True,False
V0367,2024Q4,B,85.30183317198086,True,False
V0367,2025Q1,B,28.544411112560322,False,True
V0367,2025Q2,B,14.764575453241163,False,True
V0368,2024Q3,C,27.73972602739726,False,True
V0368,2025Q1,C,58.088235294117645,True,False
V0368,2025Q3,C,29.47761194029851,False,True
V0368,2025Q4,C,73.46153846153847,True,False
V0369,2023Q3,B,21.62162162162162,False,True
V0369,2024Q1,B,59.543357104332706,True,False
V0369,2024Q2,B,26.565589980224125,False,True
V0369,2024Q3,B,60.87233848677217,True,False
V0369,2025Q2,B,34.70066518847006,False,True
V0370,2023Q3,C,61.486486486486484,True,False
V0370,2025Q2,C,44.85294117647059,False,True
V0371,2023Q3,B,83.78378378378379,True,False
V0371,2023Q4,B,73.90183975549829,True,False
V0371,2024Q1,B,35.383831725295146,False,True
V0371,2024Q2,B,24.0037154671301,False,True
V0372,2023Q4,A,62.15624878824305,True,False
V0372,2024Q1,A,32.01394005196014,False,True
V0372,2024Q2,A,13.773217263174223,False,True
V0372,2025Q4,A,20.169631881995212,False,True
V0373,2024Q2,B,79.22220863397334,True,False
V0373,2024Q3,B,33.564743073203985,False,True
V0373,2024Q4,B,87.21878784016315,True,False
V0373,2025Q1,B,33.55486425339367,False,True
V0373,2025Q3,B,84.36280137772675,True,False
V0373,2025Q4,B,39.43276882268925,False,True
V0374,2024Q2,B,64.4246056010762,True,False
V0374,2024Q4,B,90.4244471353005,True,False
V0375,2023Q3,B,20.27027027027027,False,True
V0375,2024Q1,B,64.43339126265955,True,False
V0375,2024Q3,B,17.73380311636242,False,True
V0375,2025Q2,B,75.3358549628277,True,False
V0375,2025Q3,B,77.34718866863022,True,False
V0375,2025Q4,B,24.779123315708677,False,True
V0376,2023Q3,B,96.25779625779624,True,False
V0376,2023Q4,B,26.641800171211937,False,True
V0376,2024Q2,B,61.59960865843218,True,False
V0376,2024Q3,B,30.756833818880555,False,True
V0377,2023Q3,B,17.751008927479518,False,True
V0377,2024Q1,B,70.56377644612938,True,False
V0377,2024Q2,B,76.35440870734988,True,False
V0377,2025Q2,B,78.30973580499197,True,False
V0377,2025Q3,B,83.38691159586682,True,False
V0378,2024Q3,B,75.41684745552593,True,False
V0378,2024Q4,B,20.059269645019437,False,True
V0378,2025Q2,B,58.093708947598884,True,False
V0379,2024Q1,C,29.411764705882355,False,True
V0379,2024Q3,C,66.17647058823529,True,False
V0379,2025Q3,C,40.0,False,True
V0380,2024Q4,B,72.6054776552887,True,False
V0380,2025Q3,B,72.4525929112751,True,False
V0381,2023Q3,B,93.24324324324324,True,False
V0381,2023Q4,B,92.05968718163838,True,False
V0381,2024Q3,B,19.657989855116483,False,True
V0381,2024Q4,B,19.990006558196182,False,True
V0382,2023Q3,B,29.423994129876487,False,True
V0382,2024Q2,B,26.09759080347316,False,True
V0382,2024Q3,B,74.50877084237278,True,False
V0382,2024Q4,B,74.9952201899178,True,False
V0382,2025Q1,B,23.43042986425339,False,True
V0382,2025Q3,C,66.044776119403,True,False
V0382,2025Q4,B,83.90532544378698,True,False
V0383,2023Q3,B,29.72972972972973,False,True
V0383,2023Q4,B,92.96458320848564,True,False
V0383,2024Q1,B,91.82597231377719,True,False
V0383,2024Q4,B,92.2550826020424,True,False
V0383,2025Q2,B,33.27246641450372,False,True
V0383,2025Q3,B,29.774630175067013,False,True
V0383,2025Q4,B,9.384274262323043,False,True
V0384,2023Q3,B,23.945212180506296,False,True
V0384,2024Q3,B,25.990206409223333,False,True
V0384,2024Q4,B,17.54827608183035,False,True
V0384,2025Q1,B,78.71889140271493,True,False
V0384,2025Q3,B,31.802525832376574,False,True
V0385,2024Q1,C,55.4054054054054,True,False
V0385,2025Q2,C,66.91176470588235,True,False
V0385,2025Q3,C,68.28358208955223,True,False
V0386,2023Q4,C,63.513513513513516,True,False
V0386,2024Q2,C,34.45945945945946,False,True
V0386,2024Q3,C,30.47945205479452,False,True
V0386,2024Q4,C,61.61971830985916,True,False
V0386,2025Q1,C,63.23529411764706,True,False
V0386,2025Q3,C,28.73134328358209,False,True
V0387,2024Q1,B,82.07586744172109,True,False
V0387,2024Q2,B,93.45598369988612,True,False
V0387,2024Q4,B,91.72730395677836,True,False
V0387,2025Q1,C,33.53658536585366,False,True
V0387,2025Q2,C,26.21951219512195,False,True
V0388,2023Q4,B,65.58640088051853,True,False
V0388,2024Q2,B,81.79038767274061,True,False
V0388,2024Q4,B,41.63851889618253,False,True
V0388,2025Q1,B,28.71889140271493,False,True
V0388,2025Q3,B,64.56946039035591,True,False
V0388,2025Q4,B,29.553152417873903,False,True
V0389,2023Q3,A,81.17280176103706,True,False
V0389,2025Q3,A,26.00546050236622,False,True
V0390,2023Q3,B,70.27638498226733,True,False
V0390,2024Q1,B,65.29900941665647,True,False
V0390,2024Q3,B,91.64135622636832,True,False
V0390,2025Q1,B,94.57013574660633,True,False
V0390,2025Q4,B,87.19853091205876,True,False
V0391,2023Q3,B,94.5945945945946,True,False
V0391,2023Q4,B,32.567267933121585,False,True
V0391,2024Q2,B,82.92682926829268,True,False
V0392,2023Q4,C,70.27027027027026,True,False
V0392,2025Q2,C,74.26470588235294,True,False
V0392,2025Q3,C,41.417910447761194,False,True
V0392,2025Q4,C,37.30769230769231,False,True
V0393,2023Q3,B,89.1891891891892,True,False
V0393,2023Q4,B,24.0037154671301,False,True
V0393,2024Q1,B,40.78923713070054,False,True
V0393,2024Q4,B,71.81537116267448,True,False
V0393,2025Q1,B,97.32620320855615,True,False
V0394,2023Q3,B,75.67567567567568,True,False
V0394,2024Q1,B,81.37472283813746,True,False
V0394,2025Q1,B,67.09273509847398,True,False
V0395,2023Q3,B,1.3513513513513513,False,True
V0395,2024Q2,B,59.52238269311439,True,False
V0395,2024Q4,B,37.481652665438304,False,True
V0395,2025Q1,B,4.173731576887961,False,True
V0396,2024Q4,C,26.408450704225352,False,True
V0396,2025Q1,C,66.91176470588235,True,False
V0397,2023Q3,B,62.16216216216216,True,False
V0397,2024Q2,B,64.19967639479835,True,False
V0397,2024Q3,B,36.02344865291741,False,True
V0398,2023Q4,B,78.83698177815826,True,False
V0398,2024Q2,B,16.332395744160447,False,True
V0398,2024Q4,B,62.653750557644514,True,False
V0398,2025Q1,B,24.09502262443439,False,True
V0398,2025Q3,B,18.920780711825486,False,True
V0398,2025Q4,B,58.6737400530504,True,False
V0399,2025Q1,A,19.789499641319942,False,True
V0399,2025Q3,A,55.00728066982162,True,False
V0400,2023Q4,B,20.56391202732666,False,True
V0400,2024Q2,B,76.48768502427039,True,False
V0400,2024Q4,B,34.952062708847315,False,True
V0401,2023Q4,A,62.33859397417504,True,False
V0401,2024Q3,A,30.912226567874058,False,True
V0401,2025Q1,A,71.08859397417504,True,False
V0401,2025Q2,A,34.1211181561531,False,True
V0401,2025Q3,A,67.61139424827084,True,False
V0401,2025Q4,A,79.26803390049815,True,False
V0402,2023Q4,C,71.62162162162161,True,False
V0402,2024Q1,C,38.513513513513516,False,True
V0402,2024Q4,C,65.84507042253522,True,False
V0402,2025Q2,C,30.147058823529413,False,True
V0402,2025Q3,C,61.56716417910448,True,False
V0402,2025Q4,C,71.92307692307692,True,False
V0404,2023Q3,B,75.18038400391342,True,False
V0404,2024Q4,B,78.3793257281244,True,False
V0404,2025Q1,B,16.445135746606333,False,True
V0404,2025Q2,B,87.33031674208145,True,False
V0404,2025Q3,B,33.54764638346728,False,True
V0405,2025Q1,B,65.31889917829659,True,False
V0406,2024Q1,A,30.902419636279035,False,True
V0406,2024Q3,A,14.988944792751715,False,True
V0406,2024Q4,A,16.256390567219675,False,True
V0406,2025Q3,A,14.475063705860938,False,True
V0407,2023Q4,C,75.0,True,False
V0407,2024Q1,C,27.027027027027028,False,True
V0407,2024Q2,C,70.94594594594595,True,False
V0407,2024Q3,C,33.9041095890411,False,True
V0407,2024Q4,C,35.563380281690144,False,True
V0407,2025Q1,C,64.70588235294117,True,False
V0407,2025Q2,C,31.61764705882353,False,True
V0407,2025Q3,C,64.55223880597015,True,False
V0407,2025Q4,C,31.923076923076923,False,True
V0408,2024Q1,A,58.467466749389274,True,False
V0408,2024Q4,A,77.80447390223695,True,False
V0409,2023Q3,A,30.169988993518402,False,True
V0409,2024Q1,A,81.21931831400985,True,False
V0409,2024Q2,A,44.033017953390974,False,True
V0409,2024Q3,A,85.83695289007684,True,False
V0409,2024Q4,A,40.46648614787722,False,True
V0411,2023Q3,B,30.310627369450906,False,True
V0411,2023Q4,B,72.14137214137214,True,False
V0411,2024Q1,B,30.310627369450906,False,True
V0411,2025Q1,B,19.92364253393665,False,True
V0411,2025Q3,B,8.760045924225029,False,True
V0412,2023Q4,B,59.96698055521584,True,False
V0412,2024Q1,B,90.85239085239085,True,False
V0412,2024Q2,B,28.262198850434146,False,True
V0412,2025Q1,B,83.49830316742081,True,False
V0412,2025Q2,B,39.86279375273683,False,True
V0412,2025Q3,B,90.76923076923076,True,False
V0413,2023Q3,B,44.5945945945946,False,True
V0413,2024Q1,B,71.93623778989632,True,False
V0413,2024Q3,B,40.139112474561855,False,True
V0413,2024Q4,B,23.637612816589108,False,True
V0413,2025Q1,B,10.434328942219901,False,True
V0413,2025Q3,B,77.19495648145083,True,False
V0414,2023Q3,B,66.21621621621621,True,False
V0414,2023Q4,B,84.79055552226284,True,False
V0414,2024Q1,B,23.125786540420684,False,True
V0414,2024Q3,B,71.3179236400085,True,False
V0415,2023Q3,A,25.021401491989725,False,True
V0415,2023Q4,A,28.950424599635504,False,True
V0415,2024Q2,A,66.04152933421226,True,False
V0415,2024Q3,A,65.8307619740178,True,False
V0415,2024Q4,A,27.377392042354558,False,True
V0415,2025Q1,A,62.67328730272597,True,False
V0415,2025Q3,A,41.84710593374591,False,True
V0415,2025Q4,A,68.89189364042183,True,False
V0416,2023Q3,A,91.31099425217073,True,False
V0416,2023Q4,A,25.813912908604443,False,True
V0416,2024Q1,A,20.575439140718913,False,True
V0416,2024Q2,A,5.0945170421497545,False,True
V0417,2023Q3,A,81.67420814479638,True,False
V0417,2024Q1,A,83.22337042925278,True,False
V0417,2024Q2,A,90.4093799682035,True,False
V0417,2025Q4,A,44.396131202691336,False,True
V0418,2023Q3,C,42.567567567567565,False,True
V0418,2023Q4,C,29.054054054054056,False,True
V0418,2024Q1,C,70.27027027027026,True,False
V0418,2024Q4,C,72.1830985915493,True,False
V0418,2025Q1,C,30.147058823529413,False,True
V0418,2025Q2,C,73.52941176470588,True,False
V0419,2023Q3,B,82.35294117647058,True,False
V0419,2023Q4,B,32.23188665710186,False,True
V0419,2024Q3,B,21.718077474892397,False,True
V0419,2025Q1,B,68.23551829268293,True,False
V0419,2025Q2,B,68.5139653815893,True,False
V0420,2023Q3,C,30.405405405405403,False,True
V0420,2023Q4,C,68.24324324324324,True,False
V0420,2024Q1,C,26.35135135135135,False,True
V0420,2024Q2,C,72.29729729729729,True,False
V0420,2024Q3,C,25.684931506849313,False,True
